year,month,airport,incoming,outgoing
2013,1,SCEL,686,585
2013,1,SBMK,299,300
2013,1,SBAU,173,174
2013,1,SBGR,12025,12003
2013,1,SBKP,5625,5574
2013,1,SBCG,938,940
2013,1,SBSR,459,459
2013,1,SGES,83,86
2013,1,SKRG,111,70
2013,1,SBEG,1915,1944
2013,1,SBCF,5209,5226
2013,1,SBPA,3186,3186
2013,1,SBUL,699,716
2013,1,SBDO,86,82
2013,1,SBBV,95,95
2013,1,SPIM,468,464
2013,1,SBBE,1808,1809
2013,1,SBSL,827,834
2013,1,SBNT,1107,1119
2013,1,SBBR,6977,6991
2013,1,SBRJ,5197,5176
2013,1,KMIA,1018,1121
2013,1,SBMG,524,495
2013,1,SBLO,723,722
2013,1,SCDA,53,51
2013,1,SEQU,200,194
2013,1,SBRB,214,216
2013,1,SBSJ,194,196
2013,1,SBPJ,345,347
2013,1,SBJI,115,114
2013,1,SBCH,286,286
2013,1,SBRF,3114,3122
2013,1,SBAE,167,167
2013,1,SBFI,681,676
2013,1,SBSV,4206,4203
2013,1,MMGL,54,41
2013,1,EDDF,270,277
2013,1,SBGL,6755,6700
2013,1,SBSP,7500,7444
2013,1,SBIP,297,302
2013,1,SBRP,976,977
2013,1,SBFZ,2437,2442
2013,1,SBFL,2012,2013
2013,1,SBVT,1637,1639
2013,1,SBCT,3705,3727
2013,1,SAEZ,1609,1616
2013,1,SBJV,318,318
2013,1,SBCY,1505,1555
2013,1,SBBH,937,928
2013,1,FAJS,48,80
2013,1,ELLX,21,36
2013,1,SBPL,240,240
2013,1,LEBL,44,43
2013,1,LPPR,17,17
2013,1,LIMC,43,42
2013,1,SBHT,260,260
2013,1,SABE,598,593
2013,1,SGAS,257,257
2013,1,SBPV,644,648
2013,1,EHBK,8,8
2013,1,EHAM,91,118
2013,1,SBMO,893,908
2013,1,SBGO,1613,1599
2013,1,SEGU,124,126
2013,1,SBJF,137,136
2013,1,SBCP,80,83
2013,1,SBTE,463,464
2013,1,SBGV,161,160
2013,1,SKBO,352,366
2013,1,KMEM,23,23
2013,1,SBSN,328,329
2013,1,SBUR,191,196
2013,1,SVMI,161,165
2013,1,SBJP,503,504
2013,1,FNLU,37,37
2013,1,SBNM,28,29
2013,1,LIRF,117,115
2013,1,SBPK,73,73
2013,1,SBCA,189,189
2013,1,SBMA,471,469
2013,1,SBAR,734,732
2013,1,SBCM,58,59
2013,1,SBIZ,189,189
2013,1,SVVA,36,36
2013,1,SBAX,121,125
2013,1,LFPG,264,263
2013,1,LPPT,293,288
2013,1,SBCX,145,144
2013,1,SBMD,44,45
2013,1,LEMD,504,498
2013,1,SBNF,725,726
2013,1,SJRG,100,104
2013,1,SBME,135,138
2013,1,SSKW,85,89
2013,1,MMMD,45,36
2013,1,MMMX,123,147
2013,1,GOOY,118,114
2013,1,SANT,31,30
2013,1,SBSM,100,100
2013,1,SBPF,74,75
2013,1,SBAT,58,62
2013,1,SWLC,46,47
2013,1,SLLP,31,32
2013,1,SLVR,163,169
2013,1,SBPS,605,605
2013,1,SBJU,299,299
2013,1,SBMQ,222,223
2013,1,SBIL,377,377
2013,1,SACO,62,62
2013,1,KLAX,36,31
2013,1,SWRD,82,82
2013,1,MUHA,9,13
2013,1,SMJP,18,18
2013,1,MPTO,600,603
2013,1,MDSD,125,127
2013,1,MROC,36,35
2013,1,OMDB,75,76
2013,1,SBKG,62,62
2013,1,SBDN,200,203
2013,1,SBML,83,81
2013,1,SAAR,23,23
2013,1,LTBA,18,18
2013,1,SBQV,279,280
2013,1,SWGI,45,46
2013,1,SSFB,23,23
2013,1,SDOW,76,79
2013,1,SBCJ,219,219
2013,1,SBVG,48,47
2013,1,SBCB,111,111
2013,1,SUMU,296,298
2013,1,SBTT,64,63
2013,1,MDPC,43,47
2013,1,SNPD,23,24
2013,1,SNJR,8,8
2013,1,SBCN,50,50
2013,1,SBTF,82,82
2013,1,SWGN,188,190
2013,1,SWFX,22,23
2013,1,SELT,10,9
2013,1,WSSS,13,13
2013,1,SWIQ,30,27
2013,1,SBDB,13,13
2013,1,SNBR,116,116
2013,1,ZBAA,8,9
2013,1,SBTU,46,47
2013,1,KMCO,139,139
2013,1,KJFK,279,269
2013,1,SJHG,15,15
2013,1,SWSI,117,117
2013,1,SBCR,31,31
2013,1,SBVH,84,81
2013,1,SWKO,46,46
2013,1,SNDT,4,4
2013,1,SWHT,18,18
2013,1,SBFN,129,129
2013,1,SBLE,9,9
2013,1,SOCA,18,18
2013,1,EDDM,32,32
2013,1,SSJA,57,47
2013,1,SDCG,9,9
2013,1,SSUM,23,23
2013,1,SNDC,47,47
2013,1,SWEI,17,17
2013,1,SSER,47,49
2013,1,SBZM,60,59
2013,1,EGLL,134,133
2013,1,SWLB,5,5
2013,1,SBCZ,31,31
2013,1,SBUG,24,24
2013,1,SWOB,9,9
2013,1,SBCD,23,23
2013,1,MMUN,20,21
2013,1,SBUY,110,110
2013,1,LFBO,0,1
2013,1,SBTC,21,21
2013,1,SULS,13,13
2013,1,KDFW,100,99
2013,1,SWCA,18,18
2013,1,SBPN,2,2
2013,1,PANC,5,5
2013,1,GVAC,3,3
2013,1,EHWO,2,2
2013,1,RKSI,18,18
2013,1,LPFR,2,2
2013,1,KIAH,96,97
2013,1,GVNP,6,6
2013,1,KIAD,32,32
2013,1,KBFI,0,1
2013,1,KEWR,63,64
2013,1,SBTR,2,2
2013,1,TJSJ,2,2
2013,1,SDSC,8,6
2013,1,GCRR,1,1
2013,1,TJBQ,23,22
2013,1,LSZH,31,32
2013,1,SWPI,31,31
2013,1,KATL,124,124
2013,1,KORD,31,31
2013,1,CYYZ,31,31
2013,1,KCLT,31,31
2013,1,OTBD,31,31
2013,1,SARI,28,28
2013,1,SBIH,62,62
2013,1,SWBC,18,18
2013,1,SWTP,9,9
2013,1,SDRS,27,27
2013,1,SBTB,54,54
2013,1,SBUA,18,18
2013,1,SBTD,46,46
2013,1,GCTS,18,18
2013,1,TNCA,9,9
2013,1,SLCB,29,13
2013,1,KDTW,31,31
2013,1,TBPB,4,4
2013,1,KMZJ,1,0
2013,1,KFLL,0,0
2013,1,SKCL,0,0
2013,1,SBRG,0,0
2013,1,FLLS,0,0
2013,1,SEQM,0,0
2013,1,KSEA,0,0
2013,1,LEZG,0,0
2013,1,SNSW,0,0
2013,1,SSIJ,0,0
2013,1,SSZR,0,0
2013,1,SNVB,0,0
2013,1,KIND,0,0
2013,1,SBAN,0,0
2013,1,FAOR,0,0
2013,1,SSCK,0,0
2013,1,SNMH,0,0
2013,1,MGGT,0,0
2013,1,SIXE,0,0
2013,1,TNCC,0,0
2013,1,SBLJ,0,0
2013,1,SAZS,0,0
2013,1,SURV,0,0
2013,1,SJGU,0,0
2013,1,LFBD,0,0
2013,1,EGSS,0,0
2013,1,SSOE,0,0
2013,1,KPAE,0,0
2013,1,SBTV,0,0
2013,1,LHBP,0,0
2013,1,KVCV,0,0
2013,1,EDHI,0,0
2013,1,SAME,0,0
2013,1,SWBR,0,0
2013,1,KAUS,0,0
2013,1,SSTL,0,0
2013,1,KBOS,0,0
2013,1,SBMY,0,0
2013,1,SWVC,0,0
2013,1,SNEB,0,0
2013,1,SWMW,0,0
2013,1,SWNK,0,0
2013,1,GCLP,0,0
2013,1,DNMM,0,0
2013,1,SBBW,0,0
2013,1,EDFH,0,0
2013,1,EBLG,0,0
2013,1,OMAA,0,0
2013,1,EINN,0,0
2013,1,SUSO,0,0
2013,1,SJVO,0,0
2013,1,SWWA,0,0
2013,1,SDOV,0,0
2013,1,MMMY,0,0
2013,1,SNPP,0,0
2013,1,MTPP,0,0
2013,1,EGNX,0,0
2013,1,SBAQ,0,0
2013,1,KGYR,0,0
2013,1,EVRA,0,0
2013,1,SDVG,0,0
2013,1,SBUF,0,0
2013,1,LMML,0,0
2013,1,GMMX,0,0
2013,1,MMAA,0,0
2013,2,SCEL,659,559
2013,2,SBMK,269,268
2013,2,SBAU,145,145
2013,2,SBGR,11005,11038
2013,2,SBKP,5053,5006
2013,2,SBCG,808,819
2013,2,SBSR,395,394
2013,2,SGES,77,79
2013,2,SKRG,105,68
2013,2,SBEG,1728,1738
2013,2,SBCF,4747,4761
2013,2,SBPA,2954,2964
2013,2,SBUL,601,604
2013,2,SBDO,69,66
2013,2,SBBV,100,98
2013,2,SPIM,394,395
2013,2,SBBE,1651,1659
2013,2,SBSL,758,751
2013,2,SBNT,951,955
2013,2,SBBR,6424,6415
2013,2,SBRJ,4661,4648
2013,2,KMIA,921,1007
2013,2,SBMG,471,461
2013,2,SBLO,591,593
2013,2,SCDA,48,48
2013,2,SEQU,189,188
2013,2,SBRB,198,199
2013,2,SBSJ,160,164
2013,2,SBPJ,350,360
2013,2,SBJI,106,102
2013,2,SBCH,269,259
2013,2,SBRF,2810,2816
2013,2,SBAE,152,153
2013,2,SBFI,571,568
2013,2,SBSV,3808,3802
2013,2,MMGL,48,36
2013,2,EDDF,251,256
2013,2,SBGL,6132,6107
2013,2,SBSP,6902,6848
2013,2,SBIP,257,262
2013,2,SBRP,881,883
2013,2,SBFZ,2185,2201
2013,2,SBFL,1797,1802
2013,2,SBVT,1506,1516
2013,2,SBCT,3424,3438
2013,2,SAEZ,1429,1436
2013,2,SBJV,275,276
2013,2,SBCY,1391,1398
2013,2,SBBH,836,836
2013,2,FAJS,44,72
2013,2,ELLX,22,32
2013,2,SBPL,224,223
2013,2,LEBL,40,40
2013,2,LPPR,16,16
2013,2,LIMC,37,36
2013,2,SBHT,206,206
2013,2,SABE,488,481
2013,2,SGAS,230,231
2013,2,SBPV,588,595
2013,2,EHBK,8,8
2013,2,EHAM,82,110
2013,2,SBMO,789,802
2013,2,SBGO,1476,1482
2013,2,SEGU,110,110
2013,2,SBJF,139,137
2013,2,SBCP,73,73
2013,2,SBTE,393,391
2013,2,SBGV,161,160
2013,2,SKBO,328,332
2013,2,KMEM,20,20
2013,2,SBSN,297,295
2013,2,SBUR,153,153
2013,2,SVMI,146,156
2013,2,SBJP,420,419
2013,2,FNLU,32,33
2013,2,SBNM,27,25
2013,2,LIRF,110,110
2013,2,SBPK,67,65
2013,2,SBCA,164,161
2013,2,SBMA,439,440
2013,2,SBAR,652,652
2013,2,SBCM,60,61
2013,2,SBIZ,176,176
2013,2,SVVA,32,31
2013,2,SBAX,81,81
2013,2,LFPG,236,236
2013,2,LPPT,261,245
2013,2,SBCX,135,136
2013,2,SBMD,49,49
2013,2,LEMD,461,458
2013,2,SBNF,637,645
2013,2,SJRG,88,90
2013,2,SBME,127,127
2013,2,SSKW,78,82
2013,2,MMMD,40,32
2013,2,MMMX,113,133
2013,2,GOOY,108,104
2013,2,SANT,28,28
2013,2,SBSM,88,88
2013,2,SBPF,70,68
2013,2,SBAT,44,45
2013,2,SWLC,40,40
2013,2,SLLP,28,28
2013,2,SLVR,157,160
2013,2,SBPS,481,484
2013,2,SBJU,243,245
2013,2,SBMQ,236,232
2013,2,SBIL,333,340
2013,2,SACO,60,57
2013,2,KLAX,32,28
2013,2,SWRD,72,73
2013,2,MUHA,8,12
2013,2,SMJP,16,16
2013,2,MPTO,552,556
2013,2,MDSD,112,112
2013,2,MROC,32,32
2013,2,OMDB,68,68
2013,2,SBKG,64,60
2013,2,SBDN,175,182
2013,2,SBML,73,72
2013,2,SAAR,24,22
2013,2,LTBA,16,16
2013,2,SBQV,254,254
2013,2,SWGI,24,25
2013,2,SSFB,20,21
2013,2,SDOW,68,67
2013,2,SBCJ,192,192
2013,2,SBVG,26,26
2013,2,SBCB,77,77
2013,2,SUMU,272,274
2013,2,SBTT,57,56
2013,2,MDPC,34,38
2013,2,SNPD,20,20
2013,2,SNJR,6,6
2013,2,SBCN,42,42
2013,2,SBTF,80,80
2013,2,SWGN,176,177
2013,2,SWFX,13,14
2013,2,SELT,15,15
2013,2,WSSS,12,12
2013,2,SWIQ,28,25
2013,2,SBDB,12,12
2013,2,SNBR,105,104
2013,2,ZBAA,8,8
2013,2,SBTU,42,41
2013,2,KMCO,112,112
2013,2,KJFK,256,244
2013,2,SJHG,12,12
2013,2,SWSI,105,104
2013,2,SBCR,28,28
2013,2,SBVH,74,72
2013,2,SWKO,36,36
2013,2,SNDT,3,3
2013,2,SWHT,16,16
2013,2,SBFN,103,103
2013,2,SBLE,8,8
2013,2,SOCA,16,16
2013,2,EDDM,28,28
2013,2,SSJA,44,42
2013,2,SDCG,8,8
2013,2,SSUM,20,20
2013,2,SNDC,40,40
2013,2,SWEI,17,17
2013,2,SSER,47,48
2013,2,SBZM,49,48
2013,2,EGLL,124,120
2013,2,SWLB,4,4
2013,2,SBCZ,32,32
2013,2,SBUG,20,22
2013,2,SWOB,8,8
2013,2,SBCD,20,22
2013,2,MMUN,19,19
2013,2,SBUY,71,71
2013,2,LFBO,0,1
2013,2,SBTC,18,18
2013,2,SULS,12,12
2013,2,KDFW,83,82
2013,2,SWCA,15,15
2013,2,SBPN,0,0
2013,2,PANC,6,6
2013,2,GVAC,1,1
2013,2,EHWO,0,0
2013,2,RKSI,16,18
2013,2,LPFR,0,0
2013,2,KIAH,85,86
2013,2,GVNP,5,5
2013,2,KIAD,31,29
2013,2,KBFI,0,2
2013,2,KEWR,59,57
2013,2,SBTR,0,0
2013,2,TJSJ,0,0
2013,2,SDSC,12,8
2013,2,GCRR,1,1
2013,2,TJBQ,30,28
2013,2,LSZH,28,28
2013,2,SWPI,28,28
2013,2,KATL,112,112
2013,2,KORD,28,28
2013,2,CYYZ,28,28
2013,2,KCLT,28,28
2013,2,OTBD,27,28
2013,2,SARI,24,24
2013,2,SBIH,56,56
2013,2,SWBC,16,17
2013,2,SWTP,11,11
2013,2,SDRS,16,16
2013,2,SBTB,48,48
2013,2,SBUA,20,19
2013,2,SBTD,40,40
2013,2,GCTS,16,16
2013,2,TNCA,8,8
2013,2,SLCB,24,12
2013,2,KDTW,29,28
2013,2,TBPB,4,4
2013,2,KMZJ,1,0
2013,2,KFLL,1,1
2013,2,SKCL,2,2
2013,2,SBRG,1,0
2013,2,FLLS,1,0
2013,2,SEQM,0,0
2013,2,KSEA,0,0
2013,2,LEZG,0,0
2013,2,SNSW,0,0
2013,2,SSIJ,0,0
2013,2,SSZR,0,0
2013,2,SNVB,0,0
2013,2,KIND,0,0
2013,2,SBAN,0,0
2013,2,FAOR,0,0
2013,2,SSCK,0,0
2013,2,SNMH,0,0
2013,2,MGGT,0,0
2013,2,SIXE,0,0
2013,2,TNCC,0,0
2013,2,SBLJ,0,0
2013,2,SAZS,0,0
2013,2,SURV,0,0
2013,2,SJGU,0,0
2013,2,LFBD,0,0
2013,2,EGSS,0,0
2013,2,SSOE,0,0
2013,2,KPAE,0,0
2013,2,SBTV,0,0
2013,2,LHBP,0,0
2013,2,KVCV,0,0
2013,2,EDHI,0,0
2013,2,SAME,0,0
2013,2,SWBR,0,0
2013,2,KAUS,0,0
2013,2,SSTL,0,0
2013,2,KBOS,0,0
2013,2,SBMY,0,0
2013,2,SWVC,0,0
2013,2,SNEB,0,0
2013,2,SWMW,0,0
2013,2,SWNK,0,0
2013,2,GCLP,0,0
2013,2,DNMM,0,0
2013,2,SBBW,0,0
2013,2,EDFH,0,0
2013,2,EBLG,0,0
2013,2,OMAA,0,0
2013,2,EINN,0,0
2013,2,SUSO,0,0
2013,2,SJVO,0,0
2013,2,SWWA,0,0
2013,2,SDOV,0,0
2013,2,MMMY,0,0
2013,2,SNPP,0,0
2013,2,MTPP,0,0
2013,2,EGNX,0,0
2013,2,SBAQ,0,0
2013,2,KGYR,0,0
2013,2,EVRA,0,0
2013,2,SDVG,0,0
2013,2,SBUF,0,0
2013,2,LMML,0,0
2013,2,GMMX,0,0
2013,2,MMAA,0,0
2013,3,SCEL,720,606
2013,3,SBMK,231,232
2013,3,SBAU,144,143
2013,3,SBGR,11863,11889
2013,3,SBKP,5521,5498
2013,3,SBCG,849,849
2013,3,SBSR,417,417
2013,3,SGES,87,87
2013,3,SKRG,123,76
2013,3,SBEG,1874,1871
2013,3,SBCF,5083,5150
2013,3,SBPA,3205,3236
2013,3,SBUL,704,716
2013,3,SBDO,52,54
2013,3,SBBV,94,94
2013,3,SPIM,429,429
2013,3,SBBE,1890,1883
2013,3,SBSL,795,797
2013,3,SBNT,854,859
2013,3,SBBR,6666,6631
2013,3,SBRJ,4763,4750
2013,3,KMIA,995,1059
2013,3,SBMG,529,529
2013,3,SBLO,593,609
2013,3,SCDA,69,61
2013,3,SEQU,188,206
2013,3,SBRB,185,183
2013,3,SBSJ,160,159
2013,3,SBPJ,496,527
2013,3,SBJI,116,113
2013,3,SBCH,305,274
2013,3,SBRF,2899,2944
2013,3,SBAE,173,166
2013,3,SBFI,641,638
2013,3,SBSV,3740,3747
2013,3,MMGL,55,40
2013,3,EDDF,287,293
2013,3,SBGL,6466,6380
2013,3,SBSP,7360,7345
2013,3,SBIP,281,280
2013,3,SBRP,971,975
2013,3,SBFZ,2172,2176
2013,3,SBFL,1887,1877
2013,3,SBVT,1643,1613
2013,3,SBCT,3672,3693
2013,3,SAEZ,1576,1579
2013,3,SBJV,260,259
2013,3,SBCY,1610,1619
2013,3,SBBH,876,871
2013,3,FAJS,49,80
2013,3,ELLX,23,38
2013,3,SBPL,238,238
2013,3,LEBL,45,45
2013,3,LPPR,19,19
2013,3,LIMC,41,41
2013,3,SBHT,238,240
2013,3,SABE,555,549
2013,3,SGAS,256,258
2013,3,SBPV,593,599
2013,3,EHBK,14,13
2013,3,EHAM,92,118
2013,3,SBMO,816,816
2013,3,SBGO,1645,1616
2013,3,SEGU,115,114
2013,3,SBJF,117,114
2013,3,SBCP,83,73
2013,3,SBTE,395,396
2013,3,SBGV,154,154
2013,3,SKBO,342,359
2013,3,KMEM,25,21
2013,3,SBSN,299,320
2013,3,SBUR,170,171
2013,3,SVMI,160,162
2013,3,SBJP,427,432
2013,3,FNLU,35,35
2013,3,SBNM,30,33
2013,3,LIRF,123,124
2013,3,SBPK,87,85
2013,3,SBCA,176,177
2013,3,SBMA,531,532
2013,3,SBAR,726,720
2013,3,SBCM,66,65
2013,3,SBIZ,188,188
2013,3,SVVA,34,33
2013,3,SBAX,106,107
2013,3,LFPG,261,262
2013,3,LPPT,275,273
2013,3,SBCX,138,138
2013,3,SBMD,53,53
2013,3,LEMD,505,505
2013,3,SBNF,589,589
2013,3,SJRG,94,97
2013,3,SBME,131,130
2013,3,SSKW,89,84
2013,3,MMMD,45,36
2013,3,MMMX,124,149
2013,3,GOOY,122,121
2013,3,SANT,31,32
2013,3,SBSM,92,92
2013,3,SBPF,76,74
2013,3,SBAT,36,35
2013,3,SWLC,56,55
2013,3,SLLP,31,32
2013,3,SLVR,197,198
2013,3,SBPS,402,401
2013,3,SBJU,189,190
2013,3,SBMQ,306,306
2013,3,SBIL,325,353
2013,3,SACO,64,63
2013,3,KLAX,33,34
2013,3,SWRD,80,81
2013,3,MUHA,9,14
2013,3,SMJP,17,17
2013,3,MPTO,601,616
2013,3,MDSD,122,121
2013,3,MROC,36,36
2013,3,OMDB,76,76
2013,3,SBKG,64,63
2013,3,SBDN,167,168
2013,3,SBML,80,81
2013,3,SAAR,33,35
2013,3,LTBA,17,18
2013,3,SBQV,304,304
2013,3,SWGI,26,26
2013,3,SSFB,11,11
2013,3,SDOW,73,73
2013,3,SBCJ,253,252
2013,3,SBVG,1,1
2013,3,SBCB,65,65
2013,3,SUMU,320,323
2013,3,SBTT,61,62
2013,3,MDPC,32,37
2013,3,SNPD,21,21
2013,3,SNJR,0,0
2013,3,SBCN,41,41
2013,3,SBTF,91,90
2013,3,SWGN,205,205
2013,3,SWFX,13,14
2013,3,SELT,10,10
2013,3,WSSS,14,14
2013,3,SWIQ,29,32
2013,3,SBDB,12,12
2013,3,SNBR,114,114
2013,3,ZBAA,9,9
2013,3,SBTU,42,42
2013,3,KMCO,124,124
2013,3,KJFK,275,266
2013,3,SJHG,14,13
2013,3,SWSI,116,117
2013,3,SBCR,31,31
2013,3,SBVH,87,85
2013,3,SWKO,46,46
2013,3,SNDT,0,0
2013,3,SWHT,18,18
2013,3,SBFN,101,101
2013,3,SBLE,9,9
2013,3,SOCA,16,16
2013,3,EDDM,33,31
2013,3,SSJA,51,47
2013,3,SDCG,9,9
2013,3,SSUM,21,21
2013,3,SNDC,42,42
2013,3,SWEI,18,18
2013,3,SSER,45,43
2013,3,SBZM,59,55
2013,3,EGLL,146,134
2013,3,SWLB,5,4
2013,3,SBCZ,31,31
2013,3,SBUG,21,21
2013,3,SWOB,9,10
2013,3,SBCD,21,21
2013,3,MMUN,19,18
2013,3,SBUY,121,121
2013,3,LFBO,0,1
2013,3,SBTC,9,9
2013,3,SULS,16,16
2013,3,KDFW,76,75
2013,3,SWCA,19,19
2013,3,SBPN,0,0
2013,3,PANC,9,9
2013,3,GVAC,3,3
2013,3,EHWO,2,2
2013,3,RKSI,23,22
2013,3,LPFR,2,2
2013,3,KIAH,94,94
2013,3,GVNP,4,4
2013,3,KIAD,31,31
2013,3,KBFI,0,2
2013,3,KEWR,62,63
2013,3,SBTR,1,1
2013,3,TJSJ,7,6
2013,3,SDSC,12,14
2013,3,GCRR,1,1
2013,3,TJBQ,32,28
2013,3,LSZH,33,32
2013,3,SWPI,31,31
2013,3,KATL,124,124
2013,3,KORD,31,31
2013,3,CYYZ,31,31
2013,3,KCLT,32,32
2013,3,OTBD,31,31
2013,3,SARI,26,26
2013,3,SBIH,70,70
2013,3,SWBC,18,18
2013,3,SWTP,10,10
2013,3,SDRS,0,0
2013,3,SBTB,59,59
2013,3,SBUA,20,20
2013,3,SBTD,42,42
2013,3,GCTS,17,17
2013,3,TNCA,9,9
2013,3,SLCB,27,13
2013,3,KDTW,32,32
2013,3,TBPB,5,5
2013,3,KMZJ,0,0
2013,3,KFLL,0,0
2013,3,SKCL,0,1
2013,3,SBRG,0,0
2013,3,FLLS,0,0
2013,3,SEQM,23,16
2013,3,KSEA,2,2
2013,3,LEZG,2,2
2013,3,SNSW,2,2
2013,3,SSIJ,2,2
2013,3,SSZR,0,0
2013,3,SNVB,0,0
2013,3,KIND,0,0
2013,3,SBAN,0,0
2013,3,FAOR,0,0
2013,3,SSCK,0,0
2013,3,SNMH,0,0
2013,3,MGGT,0,0
2013,3,SIXE,0,0
2013,3,TNCC,0,0
2013,3,SBLJ,0,0
2013,3,SAZS,0,0
2013,3,SURV,0,0
2013,3,SJGU,0,0
2013,3,LFBD,0,0
2013,3,EGSS,0,0
2013,3,SSOE,0,0
2013,3,KPAE,0,0
2013,3,SBTV,0,0
2013,3,LHBP,0,0
2013,3,KVCV,0,0
2013,3,EDHI,0,0
2013,3,SAME,0,0
2013,3,SWBR,0,0
2013,3,KAUS,0,0
2013,3,SSTL,0,0
2013,3,KBOS,0,0
2013,3,SBMY,0,0
2013,3,SWVC,0,0
2013,3,SNEB,0,0
2013,3,SWMW,0,0
2013,3,SWNK,0,0
2013,3,GCLP,0,0
2013,3,DNMM,0,0
2013,3,SBBW,0,0
2013,3,EDFH,0,0
2013,3,EBLG,0,0
2013,3,OMAA,0,0
2013,3,EINN,0,0
2013,3,SUSO,0,0
2013,3,SJVO,0,0
2013,3,SWWA,0,0
2013,3,SDOV,0,0
2013,3,MMMY,0,0
2013,3,SNPP,0,0
2013,3,MTPP,0,0
2013,3,EGNX,0,0
2013,3,SBAQ,0,0
2013,3,KGYR,0,0
2013,3,EVRA,0,0
2013,3,SDVG,0,0
2013,3,SBUF,0,0
2013,3,LMML,0,0
2013,3,GMMX,0,0
2013,3,MMAA,0,0
2013,4,SCEL,603,484
2013,4,SBMK,213,215
2013,4,SBAU,154,155
2013,4,SBGR,11445,11487
2013,4,SBKP,5386,5345
2013,4,SBCG,821,824
2013,4,SBSR,395,396
2013,4,SGES,80,81
2013,4,SKRG,121,84
2013,4,SBEG,1881,1888
2013,4,SBCF,4862,4935
2013,4,SBPA,3202,3228
2013,4,SBUL,654,657
2013,4,SBDO,53,53
2013,4,SBBV,143,140
2013,4,SPIM,423,427
2013,4,SBBE,1845,1833
2013,4,SBSL,715,716
2013,4,SBNT,798,810
2013,4,SBBR,6573,6476
2013,4,SBRJ,4661,4624
2013,4,KMIA,920,1003
2013,4,SBMG,525,519
2013,4,SBLO,571,573
2013,4,SCDA,93,70
2013,4,SEQU,165,160
2013,4,SBRB,155,157
2013,4,SBSJ,156,159
2013,4,SBPJ,529,557
2013,4,SBJI,118,117
2013,4,SBCH,263,254
2013,4,SBRF,2895,2926
2013,4,SBAE,140,134
2013,4,SBFI,643,645
2013,4,SBSV,3637,3634
2013,4,MMGL,51,37
2013,4,EDDF,262,270
2013,4,SBGL,6013,5941
2013,4,SBSP,7159,7139
2013,4,SBIP,245,247
2013,4,SBRP,975,977
2013,4,SBFZ,2138,2182
2013,4,SBFL,1798,1776
2013,4,SBVT,1537,1508
2013,4,SBCT,3591,3607
2013,4,SAEZ,1488,1489
2013,4,SBJV,255,252
2013,4,SBCY,1605,1613
2013,4,SBBH,847,839
2013,4,FAJS,47,77
2013,4,ELLX,26,41
2013,4,SBPL,235,235
2013,4,LEBL,43,43
2013,4,LPPR,17,17
2013,4,LIMC,38,39
2013,4,SBHT,195,195
2013,4,SABE,478,473
2013,4,SGAS,246,249
2013,4,SBPV,520,523
2013,4,EHBK,10,9
2013,4,EHAM,92,124
2013,4,SBMO,751,747
2013,4,SBGO,1619,1581
2013,4,SEGU,101,103
2013,4,SBJF,87,88
2013,4,SBCP,79,53
2013,4,SBTE,391,393
2013,4,SBGV,131,133
2013,4,SKBO,320,342
2013,4,KMEM,26,22
2013,4,SBSN,372,377
2013,4,SBUR,137,152
2013,4,SVMI,154,159
2013,4,SBJP,432,440
2013,4,FNLU,34,35
2013,4,SBNM,19,18
2013,4,LIRF,113,111
2013,4,SBPK,98,96
2013,4,SBCA,189,185
2013,4,SBMA,470,488
2013,4,SBAR,657,666
2013,4,SBCM,54,55
2013,4,SBIZ,180,180
2013,4,SVVA,36,37
2013,4,SBAX,95,81
2013,4,LFPG,258,261
2013,4,LPPT,279,279
2013,4,SBCX,136,135
2013,4,SBMD,53,53
2013,4,LEMD,465,466
2013,4,SBNF,562,577
2013,4,SJRG,95,105
2013,4,SBME,109,109
2013,4,SSKW,84,84
2013,4,MMMD,41,33
2013,4,MMMX,117,147
2013,4,GOOY,114,114
2013,4,SANT,29,29
2013,4,SBSM,77,78
2013,4,SBPF,86,89
2013,4,SBAT,55,56
2013,4,SWLC,27,28
2013,4,SLLP,30,31
2013,4,SLVR,191,195
2013,4,SBPS,378,382
2013,4,SBJU,188,189
2013,4,SBMQ,347,347
2013,4,SBIL,308,336
2013,4,SACO,60,60
2013,4,KLAX,34,34
2013,4,SWRD,79,78
2013,4,MUHA,9,12
2013,4,SMJP,17,17
2013,4,MPTO,585,596
2013,4,MDSD,95,95
2013,4,MROC,35,34
2013,4,OMDB,73,72
2013,4,SBKG,72,70
2013,4,SBDN,163,168
2013,4,SBML,80,80
2013,4,SAAR,30,32
2013,4,LTBA,17,17
2013,4,SBQV,296,297
2013,4,SWGI,28,29
2013,4,SSFB,0,0
2013,4,SDOW,72,70
2013,4,SBCJ,158,158
2013,4,SBVG,7,7
2013,4,SBCB,69,69
2013,4,SUMU,275,274
2013,4,SBTT,60,62
2013,4,MDPC,30,34
2013,4,SNPD,22,22
2013,4,SNJR,0,0
2013,4,SBCN,28,28
2013,4,SBTF,89,89
2013,4,SWGN,143,142
2013,4,SWFX,13,13
2013,4,SELT,10,10
2013,4,WSSS,13,12
2013,4,SWIQ,27,28
2013,4,SBDB,10,10
2013,4,SNBR,112,113
2013,4,ZBAA,9,8
2013,4,SBTU,29,29
2013,4,KMCO,100,95
2013,4,KJFK,217,209
2013,4,SJHG,13,15
2013,4,SWSI,123,123
2013,4,SBCR,30,30
2013,4,SBVH,99,96
2013,4,SWKO,51,51
2013,4,SNDT,0,0
2013,4,SWHT,18,19
2013,4,SBFN,96,96
2013,4,SBLE,8,8
2013,4,SOCA,18,18
2013,4,EDDM,30,31
2013,4,SSJA,58,53
2013,4,SDCG,8,8
2013,4,SSUM,22,22
2013,4,SNDC,44,45
2013,4,SWEI,17,17
2013,4,SSER,61,59
2013,4,SBZM,54,56
2013,4,EGLL,132,132
2013,4,SWLB,5,5
2013,4,SBCZ,30,30
2013,4,SBUG,22,22
2013,4,SWOB,8,8
2013,4,SBCD,25,25
2013,4,MMUN,17,17
2013,4,SBUY,127,128
2013,4,LFBO,0,2
2013,4,SBTC,9,9
2013,4,SULS,8,8
2013,4,KDFW,72,74
2013,4,SWCA,28,26
2013,4,SBPN,2,2
2013,4,PANC,8,8
2013,4,GVAC,2,2
2013,4,EHWO,0,0
2013,4,RKSI,21,21
2013,4,LPFR,0,0
2013,4,KIAH,92,91
2013,4,GVNP,4,4
2013,4,KIAD,30,31
2013,4,KBFI,0,1
2013,4,KEWR,60,60
2013,4,SBTR,2,2
2013,4,TJSJ,4,5
2013,4,SDSC,15,13
2013,4,GCRR,1,1
2013,4,TJBQ,23,23
2013,4,LSZH,30,30
2013,4,SWPI,56,56
2013,4,KATL,121,120
2013,4,KORD,32,31
2013,4,CYYZ,30,30
2013,4,KCLT,45,45
2013,4,OTBD,30,30
2013,4,SARI,26,27
2013,4,SBIH,41,41
2013,4,SWBC,16,16
2013,4,SWTP,9,9
2013,4,SDRS,0,0
2013,4,SBTB,36,36
2013,4,SBUA,18,17
2013,4,SBTD,44,44
2013,4,GCTS,17,17
2013,4,TNCA,8,8
2013,4,SLCB,27,13
2013,4,KDTW,48,48
2013,4,TBPB,4,4
2013,4,KMZJ,0,1
2013,4,KFLL,0,0
2013,4,SKCL,1,1
2013,4,SBRG,0,0
2013,4,FLLS,0,0
2013,4,SEQM,29,24
2013,4,KSEA,2,2
2013,4,LEZG,1,1
2013,4,SNSW,0,0
2013,4,SSIJ,0,0
2013,4,SSZR,2,2
2013,4,SNVB,1,1
2013,4,KIND,0,2
2013,4,SBAN,2,2
2013,4,FAOR,1,2
2013,4,SSCK,0,0
2013,4,SNMH,0,0
2013,4,MGGT,0,0
2013,4,SIXE,0,0
2013,4,TNCC,0,0
2013,4,SBLJ,0,0
2013,4,SAZS,0,0
2013,4,SURV,0,0
2013,4,SJGU,0,0
2013,4,LFBD,0,0
2013,4,EGSS,0,0
2013,4,SSOE,0,0
2013,4,KPAE,0,0
2013,4,SBTV,0,0
2013,4,LHBP,0,0
2013,4,KVCV,0,0
2013,4,EDHI,0,0
2013,4,SAME,0,0
2013,4,SWBR,0,0
2013,4,KAUS,0,0
2013,4,SSTL,0,0
2013,4,KBOS,0,0
2013,4,SBMY,0,0
2013,4,SWVC,0,0
2013,4,SNEB,0,0
2013,4,SWMW,0,0
2013,4,SWNK,0,0
2013,4,GCLP,0,0
2013,4,DNMM,0,0
2013,4,SBBW,0,0
2013,4,EDFH,0,0
2013,4,EBLG,0,0
2013,4,OMAA,0,0
2013,4,EINN,0,0
2013,4,SUSO,0,0
2013,4,SJVO,0,0
2013,4,SWWA,0,0
2013,4,SDOV,0,0
2013,4,MMMY,0,0
2013,4,SNPP,0,0
2013,4,MTPP,0,0
2013,4,EGNX,0,0
2013,4,SBAQ,0,0
2013,4,KGYR,0,0
2013,4,EVRA,0,0
2013,4,SDVG,0,0
2013,4,SBUF,0,0
2013,4,LMML,0,0
2013,4,GMMX,0,0
2013,4,MMAA,0,0
2013,5,SCEL,599,491
2013,5,SBMK,224,226
2013,5,SBAU,173,174
2013,5,SBGR,11997,12130
2013,5,SBKP,5765,5734
2013,5,SBCG,853,835
2013,5,SBSR,421,422
2013,5,SGES,87,87
2013,5,SKRG,128,85
2013,5,SBEG,1935,1944
2013,5,SBCF,5028,5065
2013,5,SBPA,3408,3393
2013,5,SBUL,679,669
2013,5,SBDO,54,55
2013,5,SBBV,152,156
2013,5,SPIM,453,453
2013,5,SBBE,1921,1897
2013,5,SBSL,726,727
2013,5,SBNT,813,795
2013,5,SBBR,6885,6800
2013,5,SBRJ,4885,4852
2013,5,KMIA,921,998
2013,5,SBMG,536,526
2013,5,SBLO,582,584
2013,5,SCDA,54,54
2013,5,SEQU,129,127
2013,5,SBRB,170,159
2013,5,SBSJ,161,164
2013,5,SBPJ,535,543
2013,5,SBJI,133,132
2013,5,SBCH,271,273
2013,5,SBRF,3229,3209
2013,5,SBAE,120,114
2013,5,SBFI,676,676
2013,5,SBSV,3744,3787
2013,5,MMGL,54,42
2013,5,EDDF,270,274
2013,5,SBGL,6140,6097
2013,5,SBSP,7457,7398
2013,5,SBIP,252,256
2013,5,SBRP,1033,1034
2013,5,SBFZ,2225,2299
2013,5,SBFL,1706,1726
2013,5,SBVT,1580,1553
2013,5,SBCT,3790,3791
2013,5,SAEZ,1518,1519
2013,5,SBJV,266,265
2013,5,SBCY,1686,1644
2013,5,SBBH,873,866
2013,5,FAJS,49,79
2013,5,ELLX,26,37
2013,5,SBPL,243,249
2013,5,LEBL,46,44
2013,5,LPPR,17,17
2013,5,LIMC,40,42
2013,5,SBHT,194,194
2013,5,SABE,423,423
2013,5,SGAS,277,278
2013,5,SBPV,514,534
2013,5,EHBK,13,13
2013,5,EHAM,107,134
2013,5,SBMO,777,779
2013,5,SBGO,1627,1633
2013,5,SEGU,101,102
2013,5,SBJF,70,71
2013,5,SBCP,92,67
2013,5,SBTE,442,422
2013,5,SBGV,133,135
2013,5,SKBO,356,363
2013,5,KMEM,26,23
2013,5,SBSN,394,397
2013,5,SBUR,138,138
2013,5,SVMI,161,165
2013,5,SBJP,460,466
2013,5,FNLU,37,35
2013,5,SBNM,25,23
2013,5,LIRF,114,114
2013,5,SBPK,95,95
2013,5,SBCA,201,200
2013,5,SBMA,495,524
2013,5,SBAR,683,681
2013,5,SBCM,87,87
2013,5,SBIZ,191,191
2013,5,SVVA,34,34
2013,5,SBAX,83,83
2013,5,LFPG,244,247
2013,5,LPPT,284,292
2013,5,SBCX,155,153
2013,5,SBMD,57,56
2013,5,LEMD,496,499
2013,5,SBNF,594,631
2013,5,SJRG,92,105
2013,5,SBME,101,100
2013,5,SSKW,62,62
2013,5,MMMD,46,36
2013,5,MMMX,125,148
2013,5,GOOY,106,111
2013,5,SANT,23,23
2013,5,SBSM,80,80
2013,5,SBPF,103,98
2013,5,SBAT,55,57
2013,5,SWLC,31,31
2013,5,SLLP,31,30
2013,5,SLVR,195,199
2013,5,SBPS,379,376
2013,5,SBJU,258,261
2013,5,SBMQ,358,358
2013,5,SBIL,323,350
2013,5,SACO,67,67
2013,5,KLAX,36,37
2013,5,SWRD,82,83
2013,5,MUHA,8,15
2013,5,SMJP,18,18
2013,5,MPTO,598,609
2013,5,MDSD,98,98
2013,5,MROC,34,35
2013,5,OMDB,75,75
2013,5,SBKG,169,168
2013,5,SBDN,173,181
2013,5,SBML,87,86
2013,5,SAAR,32,34
2013,5,LTBA,18,18
2013,5,SBQV,307,307
2013,5,SWGI,30,29
2013,5,SSFB,0,0
2013,5,SDOW,71,69
2013,5,SBCJ,171,171
2013,5,SBVG,0,0
2013,5,SBCB,83,83
2013,5,SUMU,335,337
2013,5,SBTT,64,64
2013,5,MDPC,32,36
2013,5,SNPD,23,23
2013,5,SNJR,0,0
2013,5,SBCN,33,33
2013,5,SBTF,96,97
2013,5,SWGN,146,146
2013,5,SWFX,14,14
2013,5,SELT,13,13
2013,5,WSSS,13,14
2013,5,SWIQ,34,32
2013,5,SBDB,17,16
2013,5,SNBR,116,116
2013,5,ZBAA,9,9
2013,5,SBTU,27,27
2013,5,KMCO,94,86
2013,5,KJFK,223,213
2013,5,SJHG,15,14
2013,5,SWSI,144,143
2013,5,SBCR,51,51
2013,5,SBVH,96,91
2013,5,SWKO,47,45
2013,5,SNDT,0,0
2013,5,SWHT,16,16
2013,5,SBFN,100,101
2013,5,SBLE,9,9
2013,5,SOCA,18,19
2013,5,EDDM,31,31
2013,5,SSJA,43,43
2013,5,SDCG,9,9
2013,5,SSUM,23,23
2013,5,SNDC,46,46
2013,5,SWEI,18,18
2013,5,SSER,53,55
2013,5,SBZM,65,65
2013,5,EGLL,139,138
2013,5,SWLB,4,4
2013,5,SBCZ,32,32
2013,5,SBUG,19,19
2013,5,SWOB,9,9
2013,5,SBCD,32,32
2013,5,MMUN,17,18
2013,5,SBUY,135,135
2013,5,LFBO,0,1
2013,5,SBTC,4,4
2013,5,SULS,16,16
2013,5,KDFW,76,75
2013,5,SWCA,30,30
2013,5,SBPN,0,0
2013,5,PANC,9,9
2013,5,GVAC,2,2
2013,5,EHWO,1,2
2013,5,RKSI,23,23
2013,5,LPFR,1,1
2013,5,KIAH,96,93
2013,5,GVNP,5,5
2013,5,KIAD,31,31
2013,5,KBFI,0,1
2013,5,KEWR,62,62
2013,5,SBTR,4,4
2013,5,TJSJ,5,5
2013,5,SDSC,21,23
2013,5,GCRR,0,0
2013,5,TJBQ,26,26
2013,5,LSZH,31,31
2013,5,SWPI,63,64
2013,5,KATL,125,124
2013,5,KORD,31,31
2013,5,CYYZ,31,31
2013,5,KCLT,31,31
2013,5,OTBD,31,31
2013,5,SARI,26,26
2013,5,SBIH,27,27
2013,5,SWBC,18,18
2013,5,SWTP,9,9
2013,5,SDRS,0,0
2013,5,SBTB,31,31
2013,5,SBUA,18,18
2013,5,SBTD,46,46
2013,5,GCTS,18,19
2013,5,TNCA,10,10
2013,5,SLCB,26,14
2013,5,KDTW,31,31
2013,5,TBPB,4,4
2013,5,KMZJ,0,0
2013,5,KFLL,0,0
2013,5,SKCL,0,0
2013,5,SBRG,0,0
2013,5,FLLS,0,0
2013,5,SEQM,89,82
2013,5,KSEA,0,0
2013,5,LEZG,0,0
2013,5,SNSW,0,0
2013,5,SSIJ,0,0
2013,5,SSZR,23,23
2013,5,SNVB,4,4
2013,5,KIND,0,0
2013,5,SBAN,0,0
2013,5,FAOR,0,0
2013,5,SSCK,13,13
2013,5,SNMH,2,2
2013,5,MGGT,1,1
2013,5,SIXE,1,1
2013,5,TNCC,1,1
2013,5,SBLJ,26,26
2013,5,SAZS,0,0
2013,5,SURV,0,0
2013,5,SJGU,0,0
2013,5,LFBD,0,0
2013,5,EGSS,0,0
2013,5,SSOE,0,0
2013,5,KPAE,0,0
2013,5,SBTV,0,0
2013,5,LHBP,0,0
2013,5,KVCV,0,0
2013,5,EDHI,0,0
2013,5,SAME,0,0
2013,5,SWBR,0,0
2013,5,KAUS,0,0
2013,5,SSTL,0,0
2013,5,KBOS,0,0
2013,5,SBMY,0,0
2013,5,SWVC,0,0
2013,5,SNEB,0,0
2013,5,SWMW,0,0
2013,5,SWNK,0,0
2013,5,GCLP,0,0
2013,5,DNMM,0,0
2013,5,SBBW,0,0
2013,5,EDFH,0,0
2013,5,EBLG,0,0
2013,5,OMAA,0,0
2013,5,EINN,0,0
2013,5,SUSO,0,0
2013,5,SJVO,0,0
2013,5,SWWA,0,0
2013,5,SDOV,0,0
2013,5,MMMY,0,0
2013,5,SNPP,0,0
2013,5,MTPP,0,0
2013,5,EGNX,0,0
2013,5,SBAQ,0,0
2013,5,KGYR,0,0
2013,5,EVRA,0,0
2013,5,SDVG,0,0
2013,5,SBUF,0,0
2013,5,LMML,0,0
2013,5,GMMX,0,0
2013,5,MMAA,0,0
2013,6,SCEL,575,452
2013,6,SBMK,203,204
2013,6,SBAU,194,195
2013,6,SBGR,11751,11778
2013,6,SBKP,5720,5693
2013,6,SBCG,842,823
2013,6,SBSR,407,405
2013,6,SGES,90,94
2013,6,SKRG,126,81
2013,6,SBEG,1894,1906
2013,6,SBCF,4809,4795
2013,6,SBPA,3351,3349
2013,6,SBUL,646,646
2013,6,SBDO,50,52
2013,6,SBBV,142,142
2013,6,SPIM,427,424
2013,6,SBBE,1805,1804
2013,6,SBSL,694,698
2013,6,SBNT,757,776
2013,6,SBBR,6574,6536
2013,6,SBRJ,4596,4564
2013,6,KMIA,898,972
2013,6,SBMG,494,491
2013,6,SBLO,589,594
2013,6,SCDA,50,50
2013,6,SEQU,126,124
2013,6,SBRB,155,154
2013,6,SBSJ,156,155
2013,6,SBPJ,471,476
2013,6,SBJI,136,137
2013,6,SBCH,344,345
2013,6,SBRF,3046,3051
2013,6,SBAE,142,140
2013,6,SBFI,683,678
2013,6,SBSV,3713,3758
2013,6,MMGL,52,38
2013,6,EDDF,264,273
2013,6,SBGL,6033,5992
2013,6,SBSP,7114,7048
2013,6,SBIP,234,237
2013,6,SBRP,922,919
2013,6,SBFZ,2160,2210
2013,6,SBFL,1657,1662
2013,6,SBVT,1492,1482
2013,6,SBCT,3590,3601
2013,6,SAEZ,1517,1494
2013,6,SBJV,261,260
2013,6,SBCY,1694,1663
2013,6,SBBH,819,822
2013,6,FAJS,47,78
2013,6,ELLX,23,23
2013,6,SBPL,251,255
2013,6,LEBL,43,43
2013,6,LPPR,19,19
2013,6,LIMC,40,39
2013,6,SBHT,183,183
2013,6,SABE,427,428
2013,6,SGAS,263,267
2013,6,SBPV,503,506
2013,6,EHBK,14,14
2013,6,EHAM,100,126
2013,6,SBMO,750,756
2013,6,SBGO,1563,1540
2013,6,SEGU,94,97
2013,6,SBJF,71,70
2013,6,SBCP,84,61
2013,6,SBTE,414,409
2013,6,SBGV,123,123
2013,6,SKBO,339,353
2013,6,KMEM,26,20
2013,6,SBSN,372,374
2013,6,SBUR,127,128
2013,6,SVMI,158,160
2013,6,SBJP,429,438
2013,6,FNLU,34,34
2013,6,SBNM,20,20
2013,6,LIRF,111,113
2013,6,SBPK,98,96
2013,6,SBCA,183,180
2013,6,SBMA,464,468
2013,6,SBAR,647,668
2013,6,SBCM,92,94
2013,6,SBIZ,181,180
2013,6,SVVA,34,32
2013,6,SBAX,64,64
2013,6,LFPG,233,237
2013,6,LPPT,303,299
2013,6,SBCX,142,137
2013,6,SBMD,50,50
2013,6,LEMD,493,552
2013,6,SBNF,578,601
2013,6,SJRG,82,88
2013,6,SBME,100,97
2013,6,SSKW,57,57
2013,6,MMMD,43,36
2013,6,MMMX,119,142
2013,6,GOOY,108,114
2013,6,SANT,22,22
2013,6,SBSM,40,40
2013,6,SBPF,122,118
2013,6,SBAT,50,50
2013,6,SWLC,28,28
2013,6,SLLP,30,30
2013,6,SLVR,190,195
2013,6,SBPS,395,400
2013,6,SBJU,238,243
2013,6,SBMQ,336,337
2013,6,SBIL,309,319
2013,6,SACO,67,68
2013,6,KLAX,33,33
2013,6,SWRD,82,81
2013,6,MUHA,9,13
2013,6,SMJP,17,17
2013,6,MPTO,583,598
2013,6,MDSD,98,98
2013,6,MROC,35,35
2013,6,OMDB,73,74
2013,6,SBKG,142,144
2013,6,SBDN,166,174
2013,6,SBML,84,83
2013,6,SAAR,30,33
2013,6,LTBA,17,17
2013,6,SBQV,300,298
2013,6,SWGI,24,25
2013,6,SSFB,0,0
2013,6,SDOW,62,61
2013,6,SBCJ,161,161
2013,6,SBVG,23,32
2013,6,SBCB,76,76
2013,6,SUMU,345,347
2013,6,SBTT,60,60
2013,6,MDPC,32,37
2013,6,SNPD,20,20
2013,6,SNJR,4,4
2013,6,SBCN,37,37
2013,6,SBTF,85,85
2013,6,SWGN,130,130
2013,6,SWFX,12,13
2013,6,SELT,14,14
2013,6,WSSS,13,13
2013,6,SWIQ,25,26
2013,6,SBDB,18,18
2013,6,SNBR,126,126
2013,6,ZBAA,8,9
2013,6,SBTU,25,25
2013,6,KMCO,90,85
2013,6,KJFK,237,231
2013,6,SJHG,13,12
2013,6,SWSI,140,141
2013,6,SBCR,56,55
2013,6,SBVH,87,84
2013,6,SWKO,44,44
2013,6,SNDT,0,0
2013,6,SWHT,18,18
2013,6,SBFN,98,100
2013,6,SBLE,9,9
2013,6,SOCA,16,16
2013,6,EDDM,30,31
2013,6,SSJA,26,24
2013,6,SDCG,9,9
2013,6,SSUM,20,20
2013,6,SNDC,40,40
2013,6,SWEI,18,18
2013,6,SSER,40,41
2013,6,SBZM,5,8
2013,6,EGLL,133,135
2013,6,SWLB,0,0
2013,6,SBCZ,30,30
2013,6,SBUG,0,0
2013,6,SWOB,9,9
2013,6,SBCD,24,24
2013,6,MMUN,14,13
2013,6,SBUY,131,131
2013,6,LFBO,0,1
2013,6,SBTC,6,6
2013,6,SULS,14,14
2013,6,KDFW,85,87
2013,6,SWCA,33,33
2013,6,SBPN,0,0
2013,6,PANC,9,9
2013,6,GVAC,2,3
2013,6,EHWO,1,0
2013,6,RKSI,21,21
2013,6,LPFR,1,1
2013,6,KIAH,90,91
2013,6,GVNP,4,4
2013,6,KIAD,30,31
2013,6,KBFI,0,2
2013,6,KEWR,62,64
2013,6,SBTR,1,1
2013,6,TJSJ,9,7
2013,6,SDSC,50,50
2013,6,GCRR,1,1
2013,6,TJBQ,28,28
2013,6,LSZH,31,31
2013,6,SWPI,123,124
2013,6,KATL,121,120
2013,6,KORD,30,30
2013,6,CYYZ,30,30
2013,6,KCLT,53,53
2013,6,OTBD,30,31
2013,6,SARI,26,26
2013,6,SBIH,26,26
2013,6,SWBC,18,18
2013,6,SWTP,8,8
2013,6,SDRS,19,19
2013,6,SBTB,32,32
2013,6,SBUA,17,17
2013,6,SBTD,40,40
2013,6,GCTS,18,20
2013,6,TNCA,12,11
2013,6,SLCB,26,12
2013,6,KDTW,30,30
2013,6,TBPB,5,5
2013,6,KMZJ,0,0
2013,6,KFLL,1,0
2013,6,SKCL,0,0
2013,6,SBRG,0,0
2013,6,FLLS,0,0
2013,6,SEQM,73,65
2013,6,KSEA,0,0
2013,6,LEZG,0,0
2013,6,SNSW,1,1
2013,6,SSIJ,0,0
2013,6,SSZR,20,26
2013,6,SNVB,5,5
2013,6,KIND,0,0
2013,6,SBAN,0,0
2013,6,FAOR,0,0
2013,6,SSCK,20,20
2013,6,SNMH,2,2
2013,6,MGGT,0,0
2013,6,SIXE,0,0
2013,6,TNCC,0,0
2013,6,SBLJ,42,40
2013,6,SAZS,4,4
2013,6,SURV,2,2
2013,6,SJGU,1,1
2013,6,LFBD,1,1
2013,6,EGSS,1,1
2013,6,SSOE,0,0
2013,6,KPAE,0,0
2013,6,SBTV,0,0
2013,6,LHBP,0,0
2013,6,KVCV,0,0
2013,6,EDHI,0,0
2013,6,SAME,0,0
2013,6,SWBR,0,0
2013,6,KAUS,0,0
2013,6,SSTL,0,0
2013,6,KBOS,0,0
2013,6,SBMY,0,0
2013,6,SWVC,0,0
2013,6,SNEB,0,0
2013,6,SWMW,0,0
2013,6,SWNK,0,0
2013,6,GCLP,0,0
2013,6,DNMM,0,0
2013,6,SBBW,0,0
2013,6,EDFH,0,0
2013,6,EBLG,0,0
2013,6,OMAA,0,0
2013,6,EINN,0,0
2013,6,SUSO,0,0
2013,6,SJVO,0,0
2013,6,SWWA,0,0
2013,6,SDOV,0,0
2013,6,MMMY,0,0
2013,6,SNPP,0,0
2013,6,MTPP,0,0
2013,6,EGNX,0,0
2013,6,SBAQ,0,0
2013,6,KGYR,0,0
2013,6,EVRA,0,0
2013,6,SDVG,0,0
2013,6,SBUF,0,0
2013,6,LMML,0,0
2013,6,GMMX,0,0
2013,6,MMAA,0,0
2013,7,SCEL,682,587
2013,7,SBMK,218,218
2013,7,SBAU,185,187
2013,7,SBGR,12524,12537
2013,7,SBKP,6144,6114
2013,7,SBCG,831,831
2013,7,SBSR,393,395
2013,7,SGES,83,83
2013,7,SKRG,138,82
2013,7,SBEG,2099,2120
2013,7,SBCF,5283,5207
2013,7,SBPA,3556,3521
2013,7,SBUL,674,675
2013,7,SBDO,54,55
2013,7,SBBV,151,152
2013,7,SPIM,440,437
2013,7,SBBE,1919,1925
2013,7,SBSL,797,804
2013,7,SBNT,900,908
2013,7,SBBR,6862,6869
2013,7,SBRJ,4848,4830
2013,7,KMIA,955,1039
2013,7,SBMG,490,496
2013,7,SBLO,626,624
2013,7,SCDA,54,54
2013,7,SEQU,131,129
2013,7,SBRB,160,162
2013,7,SBSJ,163,163
2013,7,SBPJ,391,396
2013,7,SBJI,149,147
2013,7,SBCH,313,312
2013,7,SBRF,3206,3209
2013,7,SBAE,142,140
2013,7,SBFI,717,708
2013,7,SBSV,4027,4038
2013,7,MMGL,53,40
2013,7,EDDF,269,281
2013,7,SBGL,6454,6471
2013,7,SBSP,7496,7448
2013,7,SBIP,247,251
2013,7,SBRP,880,882
2013,7,SBFZ,2405,2426
2013,7,SBFL,1678,1670
2013,7,SBVT,1624,1618
2013,7,SBCT,3670,3696
2013,7,SAEZ,1568,1578
2013,7,SBJV,273,272
2013,7,SBCY,1723,1721
2013,7,SBBH,878,880
2013,7,FAJS,49,79
2013,7,ELLX,30,26
2013,7,SBPL,279,282
2013,7,LEBL,43,43
2013,7,LPPR,25,25
2013,7,LIMC,39,39
2013,7,SBHT,235,235
2013,7,SABE,511,517
2013,7,SGAS,284,280
2013,7,SBPV,534,533
2013,7,EHBK,18,19
2013,7,EHAM,103,129
2013,7,SBMO,863,863
2013,7,SBGO,1508,1523
2013,7,SEGU,101,100
2013,7,SBJF,77,77
2013,7,SBCP,86,63
2013,7,SBTE,459,461
2013,7,SBGV,131,135
2013,7,SKBO,363,373
2013,7,KMEM,26,23
2013,7,SBSN,391,394
2013,7,SBUR,135,135
2013,7,SVMI,159,166
2013,7,SBJP,471,474
2013,7,FNLU,35,36
2013,7,SBNM,23,23
2013,7,LIRF,121,119
2013,7,SBPK,102,97
2013,7,SBCA,174,173
2013,7,SBMA,450,448
2013,7,SBAR,711,710
2013,7,SBCM,67,68
2013,7,SBIZ,186,186
2013,7,SVVA,38,38
2013,7,SBAX,56,56
2013,7,LFPG,242,241
2013,7,LPPT,312,308
2013,7,SBCX,152,152
2013,7,SBMD,55,54
2013,7,LEMD,517,517
2013,7,SBNF,601,618
2013,7,SJRG,92,105
2013,7,SBME,108,106
2013,7,SSKW,59,59
2013,7,MMMD,43,35
2013,7,MMMX,123,149
2013,7,GOOY,114,121
2013,7,SANT,21,21
2013,7,SBSM,46,46
2013,7,SBPF,158,155
2013,7,SBAT,58,57
2013,7,SWLC,27,27
2013,7,SLLP,31,31
2013,7,SLVR,200,204
2013,7,SBPS,627,622
2013,7,SBJU,245,244
2013,7,SBMQ,378,379
2013,7,SBIL,371,374
2013,7,SACO,69,68
2013,7,KLAX,36,36
2013,7,SWRD,87,83
2013,7,MUHA,9,12
2013,7,SMJP,22,22
2013,7,MPTO,629,642
2013,7,MDSD,128,131
2013,7,MROC,36,36
2013,7,OMDB,80,80
2013,7,SBKG,147,150
2013,7,SBDN,174,174
2013,7,SBML,89,89
2013,7,SAAR,37,41
2013,7,LTBA,31,31
2013,7,SBQV,299,300
2013,7,SWGI,29,31
2013,7,SSFB,0,0
2013,7,SDOW,69,71
2013,7,SBCJ,133,129
2013,7,SBVG,28,39
2013,7,SBCB,78,77
2013,7,SUMU,346,341
2013,7,SBTT,72,72
2013,7,MDPC,35,39
2013,7,SNPD,24,23
2013,7,SNJR,4,4
2013,7,SBCN,64,64
2013,7,SBTF,91,91
2013,7,SWGN,118,116
2013,7,SWFX,15,15
2013,7,SELT,18,18
2013,7,WSSS,13,13
2013,7,SWIQ,30,31
2013,7,SBDB,16,16
2013,7,SNBR,177,177
2013,7,ZBAA,9,9
2013,7,SBTU,27,27
2013,7,KMCO,94,94
2013,7,KJFK,243,236
2013,7,SJHG,14,14
2013,7,SWSI,146,145
2013,7,SBCR,61,60
2013,7,SBVH,91,89
2013,7,SWKO,46,46
2013,7,SNDT,0,0
2013,7,SWHT,18,18
2013,7,SBFN,123,124
2013,7,SBLE,9,9
2013,7,SOCA,18,18
2013,7,EDDM,31,31
2013,7,SSJA,23,23
2013,7,SDCG,9,9
2013,7,SSUM,23,23
2013,7,SNDC,46,46
2013,7,SWEI,17,17
2013,7,SSER,46,47
2013,7,SBZM,11,11
2013,7,EGLL,137,139
2013,7,SWLB,0,0
2013,7,SBCZ,31,31
2013,7,SBUG,0,0
2013,7,SWOB,10,10
2013,7,SBCD,23,23
2013,7,MMUN,17,17
2013,7,SBUY,144,144
2013,7,LFBO,0,2
2013,7,SBTC,16,16
2013,7,SULS,8,8
2013,7,KDFW,99,100
2013,7,SWCA,33,33
2013,7,SBPN,0,0
2013,7,PANC,9,9
2013,7,GVAC,3,3
2013,7,EHWO,0,0
2013,7,RKSI,22,23
2013,7,LPFR,0,0
2013,7,KIAH,96,94
2013,7,GVNP,4,4
2013,7,KIAD,31,31
2013,7,KBFI,0,2
2013,7,KEWR,63,63
2013,7,SBTR,0,0
2013,7,TJSJ,5,5
2013,7,SDSC,51,50
2013,7,GCRR,0,0
2013,7,TJBQ,32,32
2013,7,LSZH,31,32
2013,7,SWPI,102,103
2013,7,KATL,124,126
2013,7,KORD,31,31
2013,7,CYYZ,31,31
2013,7,KCLT,64,64
2013,7,OTBD,31,31
2013,7,SARI,26,26
2013,7,SBIH,29,29
2013,7,SWBC,18,18
2013,7,SWTP,9,9
2013,7,SDRS,23,23
2013,7,SBTB,31,31
2013,7,SBUA,18,18
2013,7,SBTD,46,46
2013,7,GCTS,18,18
2013,7,TNCA,8,8
2013,7,SLCB,27,14
2013,7,KDTW,31,31
2013,7,TBPB,4,4
2013,7,KMZJ,0,0
2013,7,KFLL,1,1
2013,7,SKCL,0,0
2013,7,SBRG,0,0
2013,7,FLLS,0,0
2013,7,SEQM,83,74
2013,7,KSEA,0,0
2013,7,LEZG,0,0
2013,7,SNSW,2,2
2013,7,SSIJ,0,0
2013,7,SSZR,23,44
2013,7,SNVB,4,4
2013,7,KIND,0,0
2013,7,SBAN,0,0
2013,7,FAOR,0,0
2013,7,SSCK,46,46
2013,7,SNMH,0,0
2013,7,MGGT,1,1
2013,7,SIXE,0,0
2013,7,TNCC,0,0
2013,7,SBLJ,46,46
2013,7,SAZS,36,34
2013,7,SURV,0,0
2013,7,SJGU,1,1
2013,7,LFBD,0,0
2013,7,EGSS,0,0
2013,7,SSOE,46,46
2013,7,KPAE,0,1
2013,7,SBTV,2,2
2013,7,LHBP,1,0
2013,7,KVCV,1,0
2013,7,EDHI,0,0
2013,7,SAME,0,0
2013,7,SWBR,0,0
2013,7,KAUS,0,0
2013,7,SSTL,0,0
2013,7,KBOS,0,0
2013,7,SBMY,0,0
2013,7,SWVC,0,0
2013,7,SNEB,0,0
2013,7,SWMW,0,0
2013,7,SWNK,0,0
2013,7,GCLP,0,0
2013,7,DNMM,0,0
2013,7,SBBW,0,0
2013,7,EDFH,0,0
2013,7,EBLG,0,0
2013,7,OMAA,0,0
2013,7,EINN,0,0
2013,7,SUSO,0,0
2013,7,SJVO,0,0
2013,7,SWWA,0,0
2013,7,SDOV,0,0
2013,7,MMMY,0,0
2013,7,SNPP,0,0
2013,7,MTPP,0,0
2013,7,EGNX,0,0
2013,7,SBAQ,0,0
2013,7,KGYR,0,0
2013,7,EVRA,0,0
2013,7,SDVG,0,0
2013,7,SBUF,0,0
2013,7,LMML,0,0
2013,7,GMMX,0,0
2013,7,MMAA,0,0
2013,8,SCEL,622,520
2013,8,SBMK,214,216
2013,8,SBAU,170,170
2013,8,SBGR,12187,12176
2013,8,SBKP,6010,5988
2013,8,SBCG,779,778
2013,8,SBSR,381,382
2013,8,SGES,86,87
2013,8,SKRG,140,97
2013,8,SBEG,2035,2050
2013,8,SBCF,4958,4913
2013,8,SBPA,3566,3526
2013,8,SBUL,668,670
2013,8,SBDO,53,53
2013,8,SBBV,148,150
2013,8,SPIM,443,445
2013,8,SBBE,1890,1903
2013,8,SBSL,764,774
2013,8,SBNT,835,850
2013,8,SBBR,6620,6617
2013,8,SBRJ,4798,4814
2013,8,KMIA,958,1027
2013,8,SBMG,528,535
2013,8,SBLO,575,580
2013,8,SCDA,53,53
2013,8,SEQU,137,134
2013,8,SBRB,167,164
2013,8,SBSJ,140,146
2013,8,SBPJ,374,376
2013,8,SBJI,79,82
2013,8,SBCH,307,310
2013,8,SBRF,3090,3087
2013,8,SBAE,137,138
2013,8,SBFI,679,670
2013,8,SBSV,3911,3907
2013,8,MMGL,54,41
2013,8,EDDF,257,267
2013,8,SBGL,5984,5993
2013,8,SBSP,7324,7283
2013,8,SBIP,229,233
2013,8,SBRP,866,866
2013,8,SBFZ,2372,2388
2013,8,SBFL,1616,1602
2013,8,SBVT,1531,1495
2013,8,SBCT,3600,3596
2013,8,SAEZ,1474,1483
2013,8,SBJV,313,311
2013,8,SBCY,1630,1639
2013,8,SBBH,880,870
2013,8,FAJS,48,80
2013,8,ELLX,28,25
2013,8,SBPL,251,252
2013,8,LEBL,45,46
2013,8,LPPR,25,27
2013,8,LIMC,42,42
2013,8,SBHT,217,216
2013,8,SABE,471,472
2013,8,SGAS,216,216
2013,8,SBPV,519,521
2013,8,EHBK,17,17
2013,8,EHAM,106,128
2013,8,SBMO,795,794
2013,8,SBGO,1440,1462
2013,8,SEGU,101,99
2013,8,SBJF,76,77
2013,8,SBCP,90,64
2013,8,SBTE,430,447
2013,8,SBGV,117,119
2013,8,SKBO,360,371
2013,8,KMEM,26,22
2013,8,SBSN,386,388
2013,8,SBUR,162,162
2013,8,SVMI,158,164
2013,8,SBJP,463,468
2013,8,FNLU,38,35
2013,8,SBNM,22,22
2013,8,LIRF,116,117
2013,8,SBPK,123,120
2013,8,SBCA,160,160
2013,8,SBMA,434,430
2013,8,SBAR,672,680
2013,8,SBCM,54,54
2013,8,SBIZ,187,187
2013,8,SVVA,34,33
2013,8,SBAX,60,60
2013,8,LFPG,221,223
2013,8,LPPT,316,308
2013,8,SBCX,147,147
2013,8,SBMD,53,53
2013,8,LEMD,520,514
2013,8,SBNF,611,634
2013,8,SJRG,88,108
2013,8,SBME,108,112
2013,8,SSKW,42,42
2013,8,MMMD,45,36
2013,8,MMMX,123,146
2013,8,GOOY,120,120
2013,8,SANT,23,23
2013,8,SBSM,44,44
2013,8,SBPF,157,152
2013,8,SBAT,34,35
2013,8,SWLC,30,29
2013,8,SLLP,31,31
2013,8,SLVR,197,201
2013,8,SBPS,488,484
2013,8,SBJU,243,243
2013,8,SBMQ,378,378
2013,8,SBIL,318,319
2013,8,SACO,67,67
2013,8,KLAX,35,34
2013,8,SWRD,80,80
2013,8,MUHA,9,15
2013,8,SMJP,23,23
2013,8,MPTO,626,641
2013,8,MDSD,124,125
2013,8,MROC,38,36
2013,8,OMDB,79,79
2013,8,SBKG,146,162
2013,8,SBDN,165,167
2013,8,SBML,84,85
2013,8,SAAR,19,22
2013,8,LTBA,31,31
2013,8,SBQV,293,297
2013,8,SWGI,21,20
2013,8,SSFB,0,0
2013,8,SDOW,68,71
2013,8,SBCJ,128,124
2013,8,SBVG,27,30
2013,8,SBCB,80,81
2013,8,SUMU,339,338
2013,8,SBTT,93,93
2013,8,MDPC,30,35
2013,8,SNPD,22,22
2013,8,SNJR,5,5
2013,8,SBCN,49,49
2013,8,SBTF,88,94
2013,8,SWGN,115,115
2013,8,SWFX,10,11
2013,8,SELT,17,17
2013,8,WSSS,13,13
2013,8,SWIQ,23,22
2013,8,SBDB,21,21
2013,8,SNBR,127,127
2013,8,ZBAA,9,9
2013,8,SBTU,27,27
2013,8,KMCO,93,93
2013,8,KJFK,243,236
2013,8,SJHG,11,10
2013,8,SWSI,146,147
2013,8,SBCR,52,52
2013,8,SBVH,64,67
2013,8,SWKO,43,43
2013,8,SNDT,0,0
2013,8,SWHT,17,17
2013,8,SBFN,101,101
2013,8,SBLE,9,9
2013,8,SOCA,18,18
2013,8,EDDM,31,31
2013,8,SSJA,22,22
2013,8,SDCG,14,8
2013,8,SSUM,22,22
2013,8,SNDC,44,44
2013,8,SWEI,19,19
2013,8,SSER,44,45
2013,8,SBZM,4,4
2013,8,EGLL,138,137
2013,8,SWLB,0,0
2013,8,SBCZ,31,31
2013,8,SBUG,0,0
2013,8,SWOB,8,8
2013,8,SBCD,22,22
2013,8,MMUN,4,4
2013,8,SBUY,150,151
2013,8,LFBO,0,2
2013,8,SBTC,11,11
2013,8,SULS,11,11
2013,8,KDFW,83,86
2013,8,SWCA,35,35
2013,8,SBPN,0,0
2013,8,PANC,8,8
2013,8,GVAC,5,6
2013,8,EHWO,2,2
2013,8,RKSI,21,21
2013,8,LPFR,2,2
2013,8,KIAH,94,96
2013,8,GVNP,5,5
2013,8,KIAD,32,31
2013,8,KBFI,0,2
2013,8,KEWR,65,65
2013,8,SBTR,2,2
2013,8,TJSJ,5,4
2013,8,SDSC,68,63
2013,8,GCRR,2,2
2013,8,TJBQ,36,36
2013,8,LSZH,32,31
2013,8,SWPI,58,58
2013,8,KATL,125,124
2013,8,KORD,31,31
2013,8,CYYZ,31,31
2013,8,KCLT,62,62
2013,8,OTBD,31,31
2013,8,SARI,28,28
2013,8,SBIH,26,26
2013,8,SWBC,16,16
2013,8,SWTP,10,10
2013,8,SDRS,22,22
2013,8,SBTB,33,33
2013,8,SBUA,18,19
2013,8,SBTD,44,44
2013,8,GCTS,21,21
2013,8,TNCA,9,9
2013,8,SLCB,27,13
2013,8,KDTW,31,31
2013,8,TBPB,5,5
2013,8,KMZJ,0,0
2013,8,KFLL,0,0
2013,8,SKCL,1,0
2013,8,SBRG,0,0
2013,8,FLLS,0,0
2013,8,SEQM,88,79
2013,8,KSEA,0,0
2013,8,LEZG,0,0
2013,8,SNSW,1,1
2013,8,SSIJ,0,0
2013,8,SSZR,22,38
2013,8,SNVB,5,5
2013,8,KIND,0,0
2013,8,SBAN,0,0
2013,8,FAOR,0,0
2013,8,SSCK,44,44
2013,8,SNMH,0,0
2013,8,MGGT,1,1
2013,8,SIXE,0,0
2013,8,TNCC,0,0
2013,8,SBLJ,44,44
2013,8,SAZS,16,16
2013,8,SURV,0,0
2013,8,SJGU,0,0
2013,8,LFBD,0,0
2013,8,EGSS,0,0
2013,8,SSOE,44,44
2013,8,KPAE,0,1
2013,8,SBTV,0,0
2013,8,LHBP,0,0
2013,8,KVCV,0,0
2013,8,EDHI,0,1
2013,8,SAME,1,1
2013,8,SWBR,1,1
2013,8,KAUS,0,0
2013,8,SSTL,0,0
2013,8,KBOS,0,0
2013,8,SBMY,0,0
2013,8,SWVC,0,0
2013,8,SNEB,0,0
2013,8,SWMW,0,0
2013,8,SWNK,0,0
2013,8,GCLP,0,0
2013,8,DNMM,0,0
2013,8,SBBW,0,0
2013,8,EDFH,0,0
2013,8,EBLG,0,0
2013,8,OMAA,0,0
2013,8,EINN,0,0
2013,8,SUSO,0,0
2013,8,SJVO,0,0
2013,8,SWWA,0,0
2013,8,SDOV,0,0
2013,8,MMMY,0,0
2013,8,SNPP,0,0
2013,8,MTPP,0,0
2013,8,EGNX,0,0
2013,8,SBAQ,0,0
2013,8,KGYR,0,0
2013,8,EVRA,0,0
2013,8,SDVG,0,0
2013,8,SBUF,0,0
2013,8,LMML,0,0
2013,8,GMMX,0,0
2013,8,MMAA,0,0
2013,9,SCEL,597,507
2013,9,SBMK,205,205
2013,9,SBAU,165,164
2013,9,SBGR,11823,11697
2013,9,SBKP,5717,5721
2013,9,SBCG,777,773
2013,9,SBSR,345,342
2013,9,SGES,79,80
2013,9,SKRG,152,117
2013,9,SBEG,1990,2037
2013,9,SBCF,4556,4475
2013,9,SBPA,3333,3276
2013,9,SBUL,627,629
2013,9,SBDO,52,53
2013,9,SBBV,143,142
2013,9,SPIM,435,428
2013,9,SBBE,1861,1864
2013,9,SBSL,749,744
2013,9,SBNT,789,795
2013,9,SBBR,6404,6464
2013,9,SBRJ,4658,4676
2013,9,KMIA,920,1000
2013,9,SBMG,550,550
2013,9,SBLO,531,526
2013,9,SCDA,51,50
2013,9,SEQU,117,120
2013,9,SBRB,161,160
2013,9,SBSJ,125,123
2013,9,SBPJ,373,372
2013,9,SBJI,55,54
2013,9,SBCH,302,301
2013,9,SBRF,2696,2775
2013,9,SBAE,135,132
2013,9,SBFI,660,654
2013,9,SBSV,3606,3609
2013,9,MMGL,51,38
2013,9,EDDF,248,254
2013,9,SBGL,5644,5632
2013,9,SBSP,7100,7079
2013,9,SBIP,205,208
2013,9,SBRP,818,820
2013,9,SBFZ,2175,2186
2013,9,SBFL,1507,1494
2013,9,SBVT,1451,1428
2013,9,SBCT,3469,3472
2013,9,SAEZ,1444,1471
2013,9,SBJV,321,319
2013,9,SBCY,1548,1551
2013,9,SBBH,826,828
2013,9,FAJS,48,77
2013,9,ELLX,27,28
2013,9,SBPL,244,244
2013,9,LEBL,43,43
2013,9,LPPR,24,24
2013,9,LIMC,39,40
2013,9,SBHT,210,212
2013,9,SABE,454,451
2013,9,SGAS,209,206
2013,9,SBPV,527,531
2013,9,EHBK,13,13
2013,9,EHAM,107,131
2013,9,SBMO,714,717
2013,9,SBGO,1485,1513
2013,9,SEGU,95,94
2013,9,SBJF,72,72
2013,9,SBCP,76,60
2013,9,SBTE,440,467
2013,9,SBGV,104,103
2013,9,SKBO,364,375
2013,9,KMEM,26,21
2013,9,SBSN,406,405
2013,9,SBUR,190,189
2013,9,SVMI,158,161
2013,9,SBJP,402,408
2013,9,FNLU,35,34
2013,9,SBNM,0,0
2013,9,LIRF,109,108
2013,9,SBPK,95,95
2013,9,SBCA,200,200
2013,9,SBMA,415,417
2013,9,SBAR,609,601
2013,9,SBCM,55,56
2013,9,SBIZ,180,180
2013,9,SVVA,36,36
2013,9,SBAX,66,66
2013,9,LFPG,207,206
2013,9,LPPT,301,301
2013,9,SBCX,136,135
2013,9,SBMD,51,51
2013,9,LEMD,508,495
2013,9,SBNF,589,610
2013,9,SJRG,63,89
2013,9,SBME,106,103
2013,9,SSKW,39,39
2013,9,MMMD,42,34
2013,9,MMMX,123,140
2013,9,GOOY,113,118
2013,9,SANT,21,21
2013,9,SBSM,42,42
2013,9,SBPF,117,116
2013,9,SBAT,32,32
2013,9,SWLC,25,26
2013,9,SLLP,30,30
2013,9,SLVR,192,193
2013,9,SBPS,415,419
2013,9,SBJU,212,212
2013,9,SBMQ,364,368
2013,9,SBIL,291,290
2013,9,SACO,64,64
2013,9,KLAX,34,35
2013,9,SWRD,81,80
2013,9,MUHA,8,13
2013,9,SMJP,21,21
2013,9,MPTO,576,585
2013,9,MDSD,125,127
2013,9,MROC,32,33
2013,9,OMDB,78,77
2013,9,SBKG,106,106
2013,9,SBDN,159,158
2013,9,SBML,81,82
2013,9,SAAR,18,17
2013,9,LTBA,30,31
2013,9,SBQV,257,258
2013,9,SWGI,16,17
2013,9,SSFB,0,0
2013,9,SDOW,65,63
2013,9,SBCJ,121,121
2013,9,SBVG,25,32
2013,9,SBCB,103,103
2013,9,SUMU,327,326
2013,9,SBTT,91,90
2013,9,MDPC,31,35
2013,9,SNPD,21,21
2013,9,SNJR,4,4
2013,9,SBCN,37,37
2013,9,SBTF,86,95
2013,9,SWGN,111,112
2013,9,SWFX,9,9
2013,9,SELT,14,13
2013,9,WSSS,13,13
2013,9,SWIQ,20,20
2013,9,SBDB,14,14
2013,9,SNBR,114,114
2013,9,ZBAA,9,8
2013,9,SBTU,24,24
2013,9,KMCO,90,91
2013,9,KJFK,226,217
2013,9,SJHG,9,10
2013,9,SWSI,145,144
2013,9,SBCR,26,26
2013,9,SBVH,61,59
2013,9,SWKO,44,44
2013,9,SNDT,0,0
2013,9,SWHT,17,17
2013,9,SBFN,95,95
2013,9,SBLE,9,9
2013,9,SOCA,18,18
2013,9,EDDM,30,30
2013,9,SSJA,0,0
2013,9,SDCG,17,9
2013,9,SSUM,21,21
2013,9,SNDC,43,43
2013,9,SWEI,17,17
2013,9,SSER,21,21
2013,9,SBZM,2,2
2013,9,EGLL,133,133
2013,9,SWLB,8,8
2013,9,SBCZ,30,30
2013,9,SBUG,0,0
2013,9,SWOB,9,9
2013,9,SBCD,0,0
2013,9,MMUN,5,5
2013,9,SBUY,136,135
2013,9,LFBO,0,3
2013,9,SBTC,4,4
2013,9,SULS,13,13
2013,9,KDFW,73,72
2013,9,SWCA,30,30
2013,9,SBPN,0,0
2013,9,PANC,8,8
2013,9,GVAC,3,3
2013,9,EHWO,1,2
2013,9,RKSI,22,21
2013,9,LPFR,1,1
2013,9,KIAH,90,91
2013,9,GVNP,8,8
2013,9,KIAD,30,30
2013,9,KBFI,0,2
2013,9,KEWR,60,62
2013,9,SBTR,2,2
2013,9,TJSJ,4,5
2013,9,SDSC,61,60
2013,9,GCRR,0,0
2013,9,TJBQ,35,34
2013,9,LSZH,30,30
2013,9,SWPI,60,61
2013,9,KATL,120,120
2013,9,KORD,30,30
2013,9,CYYZ,30,30
2013,9,KCLT,60,60
2013,9,OTBD,30,30
2013,9,SARI,24,24
2013,9,SBIH,26,26
2013,9,SWBC,30,30
2013,9,SWTP,8,8
2013,9,SDRS,21,21
2013,9,SBTB,31,31
2013,9,SBUA,18,18
2013,9,SBTD,42,42
2013,9,GCTS,22,22
2013,9,TNCA,9,9
2013,9,SLCB,25,13
2013,9,KDTW,30,30
2013,9,TBPB,4,4
2013,9,KMZJ,0,0
2013,9,KFLL,0,0
2013,9,SKCL,14,13
2013,9,SBRG,0,0
2013,9,FLLS,0,0
2013,9,SEQM,101,91
2013,9,KSEA,0,0
2013,9,LEZG,0,0
2013,9,SNSW,1,1
2013,9,SSIJ,0,0
2013,9,SSZR,21,21
2013,9,SNVB,4,6
2013,9,KIND,0,0
2013,9,SBAN,0,0
2013,9,FAOR,0,0
2013,9,SSCK,0,0
2013,9,SNMH,0,0
2013,9,MGGT,0,0
2013,9,SIXE,0,0
2013,9,TNCC,1,1
2013,9,SBLJ,0,0
2013,9,SAZS,0,0
2013,9,SURV,0,0
2013,9,SJGU,0,0
2013,9,LFBD,0,0
2013,9,EGSS,0,0
2013,9,SSOE,0,0
2013,9,KPAE,0,0
2013,9,SBTV,0,0
2013,9,LHBP,0,0
2013,9,KVCV,0,0
2013,9,EDHI,0,0
2013,9,SAME,0,0
2013,9,SWBR,0,0
2013,9,KAUS,4,2
2013,9,SSTL,40,39
2013,9,KBOS,1,1
2013,9,SBMY,2,2
2013,9,SWVC,1,1
2013,9,SNEB,1,1
2013,9,SWMW,1,1
2013,9,SWNK,1,1
2013,9,GCLP,2,2
2013,9,DNMM,0,1
2013,9,SBBW,1,1
2013,9,EDFH,0,1
2013,9,EBLG,0,0
2013,9,OMAA,0,0
2013,9,EINN,0,0
2013,9,SUSO,0,0
2013,9,SJVO,0,0
2013,9,SWWA,0,0
2013,9,SDOV,0,0
2013,9,MMMY,0,0
2013,9,SNPP,0,0
2013,9,MTPP,0,0
2013,9,EGNX,0,0
2013,9,SBAQ,0,0
2013,9,KGYR,0,0
2013,9,EVRA,0,0
2013,9,SDVG,0,0
2013,9,SBUF,0,0
2013,9,LMML,0,0
2013,9,GMMX,0,0
2013,9,MMAA,0,0
2013,10,SCEL,635,545
2013,10,SBMK,227,226
2013,10,SBAU,181,180
2013,10,SBGR,13644,13571
2013,10,SBKP,6313,6241
2013,10,SBCG,918,905
2013,10,SBSR,403,408
2013,10,SGES,94,97
2013,10,SKRG,192,141
2013,10,SBEG,2239,2305
2013,10,SBCF,5117,5075
2013,10,SBPA,3884,3741
2013,10,SBUL,704,730
2013,10,SBDO,105,105
2013,10,SBBV,163,171
2013,10,SPIM,528,519
2013,10,SBBE,2180,2115
2013,10,SBSL,889,861
2013,10,SBNT,988,1001
2013,10,SBBR,7556,7743
2013,10,SBRJ,5260,5299
2013,10,KMIA,1031,1094
2013,10,SBMG,645,612
2013,10,SBLO,629,636
2013,10,SCDA,55,56
2013,10,SEQU,116,115
2013,10,SBRB,190,191
2013,10,SBSJ,80,79
2013,10,SBPJ,459,463
2013,10,SBJI,31,31
2013,10,SBCH,332,320
2013,10,SBRF,3070,3171
2013,10,SBAE,144,147
2013,10,SBFI,785,782
2013,10,SBSV,4094,4066
2013,10,MMGL,60,46
2013,10,EDDF,269,269
2013,10,SBGL,6620,6714
2013,10,SBSP,8468,8358
2013,10,SBIP,239,244
2013,10,SBRP,882,895
2013,10,SBFZ,2542,2555
2013,10,SBFL,1717,1716
2013,10,SBVT,1646,1651
2013,10,SBCT,4019,4005
2013,10,SAEZ,1612,1612
2013,10,SBJV,320,327
2013,10,SBCY,1771,1776
2013,10,SBBH,942,904
2013,10,FAJS,57,90
2013,10,ELLX,33,36
2013,10,SBPL,284,276
2013,10,LEBL,44,44
2013,10,LPPR,24,23
2013,10,LIMC,47,45
2013,10,SBHT,234,233
2013,10,SABE,485,479
2013,10,SGAS,251,240
2013,10,SBPV,596,579
2013,10,EHBK,15,15
2013,10,EHAM,115,141
2013,10,SBMO,732,733
2013,10,SBGO,1739,1737
2013,10,SEGU,114,108
2013,10,SBJF,102,102
2013,10,SBCP,66,67
2013,10,SBTE,519,523
2013,10,SBGV,128,130
2013,10,SKBO,462,470
2013,10,KMEM,29,26
2013,10,SBSN,485,495
2013,10,SBUR,207,200
2013,10,SVMI,159,164
2013,10,SBJP,431,438
2013,10,FNLU,40,39
2013,10,SBNM,0,0
2013,10,LIRF,122,117
2013,10,SBPK,121,123
2013,10,SBCA,235,236
2013,10,SBMA,462,465
2013,10,SBAR,669,682
2013,10,SBCM,56,60
2013,10,SBIZ,224,229
2013,10,SVVA,37,37
2013,10,SBAX,59,58
2013,10,LFPG,231,233
2013,10,LPPT,337,339
2013,10,SBCX,145,146
2013,10,SBMD,55,54
2013,10,LEMD,543,540
2013,10,SBNF,643,670
2013,10,SJRG,75,132
2013,10,SBME,117,119
2013,10,SSKW,37,37
2013,10,MMMD,50,40
2013,10,MMMX,128,153
2013,10,GOOY,122,128
2013,10,SANT,41,39
2013,10,SBSM,116,115
2013,10,SBPF,136,134
2013,10,SBAT,34,35
2013,10,SWLC,55,55
2013,10,SLLP,31,31
2013,10,SLVR,218,216
2013,10,SBPS,500,507
2013,10,SBJU,234,231
2013,10,SBMQ,415,420
2013,10,SBIL,324,332
2013,10,SACO,70,68
2013,10,KLAX,45,44
2013,10,SWRD,86,85
2013,10,MUHA,9,14
2013,10,SMJP,24,22
2013,10,MPTO,627,654
2013,10,MDSD,126,126
2013,10,MROC,19,20
2013,10,OMDB,87,93
2013,10,SBKG,129,129
2013,10,SBDN,173,171
2013,10,SBML,87,88
2013,10,SAAR,23,23
2013,10,LTBA,43,42
2013,10,SBQV,239,246
2013,10,SWGI,0,0
2013,10,SSFB,0,0
2013,10,SDOW,74,77
2013,10,SBCJ,135,135
2013,10,SBVG,29,43
2013,10,SBCB,131,126
2013,10,SUMU,368,354
2013,10,SBTT,98,99
2013,10,MDPC,31,34
2013,10,SNPD,25,25
2013,10,SNJR,4,4
2013,10,SBCN,43,43
2013,10,SBTF,149,152
2013,10,SWGN,126,125
2013,10,SWFX,15,15
2013,10,SELT,19,14
2013,10,WSSS,13,13
2013,10,SWIQ,1,1
2013,10,SBDB,14,13
2013,10,SNBR,120,121
2013,10,ZBAA,9,10
2013,10,SBTU,18,19
2013,10,KMCO,96,96
2013,10,KJFK,263,243
2013,10,SJHG,17,19
2013,10,SWSI,174,170
2013,10,SBCR,29,29
2013,10,SBVH,64,59
2013,10,SWKO,37,37
2013,10,SNDT,0,0
2013,10,SWHT,18,18
2013,10,SBFN,98,104
2013,10,SBLE,13,13
2013,10,SOCA,19,20
2013,10,EDDM,31,31
2013,10,SSJA,0,0
2013,10,SDCG,12,9
2013,10,SSUM,23,23
2013,10,SNDC,49,48
2013,10,SWEI,12,12
2013,10,SSER,32,32
2013,10,SBZM,6,7
2013,10,EGLL,141,138
2013,10,SWLB,8,8
2013,10,SBCZ,35,36
2013,10,SBUG,0,0
2013,10,SWOB,11,11
2013,10,SBCD,0,0
2013,10,MMUN,4,4
2013,10,SBUY,149,149
2013,10,LFBO,1,2
2013,10,SBTC,6,6
2013,10,SULS,13,13
2013,10,KDFW,76,77
2013,10,SWCA,35,35
2013,10,SBPN,0,0
2013,10,PANC,9,9
2013,10,GVAC,3,2
2013,10,EHWO,1,0
2013,10,RKSI,26,27
2013,10,LPFR,1,1
2013,10,KIAH,108,111
2013,10,GVNP,12,12
2013,10,KIAD,32,34
2013,10,KBFI,0,0
2013,10,KEWR,75,74
2013,10,SBTR,1,1
2013,10,TJSJ,4,4
2013,10,SDSC,78,76
2013,10,GCRR,3,3
2013,10,TJBQ,36,38
2013,10,LSZH,31,31
2013,10,SWPI,64,66
2013,10,KATL,133,131
2013,10,KORD,33,33
2013,10,CYYZ,32,31
2013,10,KCLT,66,70
2013,10,OTBD,32,32
2013,10,SARI,28,28
2013,10,SBIH,27,27
2013,10,SWBC,33,33
2013,10,SWTP,12,12
2013,10,SDRS,26,26
2013,10,SBTB,31,31
2013,10,SBUA,24,24
2013,10,SBTD,46,46
2013,10,GCTS,25,26
2013,10,TNCA,10,9
2013,10,SLCB,27,14
2013,10,KDTW,35,32
2013,10,TBPB,4,4
2013,10,KMZJ,0,0
2013,10,KFLL,0,0
2013,10,SKCL,19,20
2013,10,SBRG,0,0
2013,10,FLLS,0,0
2013,10,SEQM,136,128
2013,10,KSEA,0,0
2013,10,LEZG,1,1
2013,10,SNSW,0,0
2013,10,SSIJ,0,0
2013,10,SSZR,33,33
2013,10,SNVB,4,4
2013,10,KIND,0,0
2013,10,SBAN,0,0
2013,10,FAOR,0,0
2013,10,SSCK,0,0
2013,10,SNMH,0,0
2013,10,MGGT,0,0
2013,10,SIXE,1,1
2013,10,TNCC,0,0
2013,10,SBLJ,0,0
2013,10,SAZS,0,0
2013,10,SURV,0,0
2013,10,SJGU,1,1
2013,10,LFBD,0,0
2013,10,EGSS,0,0
2013,10,SSOE,0,0
2013,10,KPAE,0,0
2013,10,SBTV,0,0
2013,10,LHBP,0,0
2013,10,KVCV,0,0
2013,10,EDHI,0,0
2013,10,SAME,1,1
2013,10,SWBR,0,0
2013,10,KAUS,0,0
2013,10,SSTL,65,65
2013,10,KBOS,0,0
2013,10,SBMY,0,0
2013,10,SWVC,16,15
2013,10,SNEB,0,0
2013,10,SWMW,0,0
2013,10,SWNK,0,0
2013,10,GCLP,0,0
2013,10,DNMM,0,0
2013,10,SBBW,3,3
2013,10,EDFH,0,0
2013,10,EBLG,1,1
2013,10,OMAA,0,0
2013,10,EINN,0,0
2013,10,SUSO,0,0
2013,10,SJVO,0,0
2013,10,SWWA,0,0
2013,10,SDOV,0,0
2013,10,MMMY,0,0
2013,10,SNPP,0,0
2013,10,MTPP,0,0
2013,10,EGNX,0,0
2013,10,SBAQ,0,0
2013,10,KGYR,0,0
2013,10,EVRA,0,0
2013,10,SDVG,0,0
2013,10,SBUF,0,0
2013,10,LMML,0,0
2013,10,GMMX,0,0
2013,10,MMAA,0,0
2013,11,SCEL,562,469
2013,11,SBMK,198,199
2013,11,SBAU,165,164
2013,11,SBGR,12159,12062
2013,11,SBKP,5882,5855
2013,11,SBCG,783,819
2013,11,SBSR,353,355
2013,11,SGES,88,91
2013,11,SKRG,154,118
2013,11,SBEG,1999,2035
2013,11,SBCF,4549,4527
2013,11,SBPA,3388,3351
2013,11,SBUL,597,629
2013,11,SBDO,167,168
2013,11,SBBV,147,151
2013,11,SPIM,461,454
2013,11,SBBE,1952,1974
2013,11,SBSL,773,767
2013,11,SBNT,846,859
2013,11,SBBR,6466,6452
2013,11,SBRJ,4596,4592
2013,11,KMIA,954,1002
2013,11,SBMG,552,524
2013,11,SBLO,518,520
2013,11,SCDA,52,52
2013,11,SEQU,92,92
2013,11,SBRB,162,161
2013,11,SBSJ,59,61
2013,11,SBPJ,401,403
2013,11,SBJI,40,41
2013,11,SBCH,299,320
2013,11,SBRF,2625,2702
2013,11,SBAE,132,133
2013,11,SBFI,659,675
2013,11,SBSV,3558,3572
2013,11,MMGL,50,37
2013,11,EDDF,256,259
2013,11,SBGL,5664,5631
2013,11,SBSP,7041,7005
2013,11,SBIP,214,210
2013,11,SBRP,760,760
2013,11,SBFZ,2223,2270
2013,11,SBFL,1473,1459
2013,11,SBVT,1434,1433
2013,11,SBCT,3408,3415
2013,11,SAEZ,1514,1520
2013,11,SBJV,277,275
2013,11,SBCY,1609,1616
2013,11,SBBH,832,802
2013,11,FAJS,47,77
2013,11,ELLX,31,35
2013,11,SBPL,250,251
2013,11,LEBL,43,44
2013,11,LPPR,18,18
2013,11,LIMC,42,41
2013,11,SBHT,225,220
2013,11,SABE,480,480
2013,11,SGAS,276,274
2013,11,SBPV,514,514
2013,11,EHBK,16,16
2013,11,EHAM,105,128
2013,11,SBMO,662,653
2013,11,SBGO,1553,1549
2013,11,SEGU,95,91
2013,11,SBJF,123,119
2013,11,SBCP,61,62
2013,11,SBTE,439,438
2013,11,SBGV,103,104
2013,11,SKBO,384,401
2013,11,KMEM,27,21
2013,11,SBSN,459,465
2013,11,SBUR,219,220
2013,11,SVMI,151,155
2013,11,SBJP,375,379
2013,11,FNLU,34,34
2013,11,SBNM,0,0
2013,11,LIRF,111,109
2013,11,SBPK,73,73
2013,11,SBCA,221,222
2013,11,SBMA,424,418
2013,11,SBAR,594,587
2013,11,SBCM,56,56
2013,11,SBIZ,183,183
2013,11,SVVA,32,31
2013,11,SBAX,51,51
2013,11,LFPG,213,210
2013,11,LPPT,273,275
2013,11,SBCX,154,154
2013,11,SBMD,54,54
2013,11,LEMD,488,485
2013,11,SBNF,591,611
2013,11,SJRG,63,79
2013,11,SBME,101,100
2013,11,SSKW,31,31
2013,11,MMMD,41,33
2013,11,MMMX,120,139
2013,11,GOOY,133,134
2013,11,SANT,39,34
2013,11,SBSM,86,86
2013,11,SBPF,119,118
2013,11,SBAT,30,31
2013,11,SWLC,56,55
2013,11,SLLP,30,30
2013,11,SLVR,184,189
2013,11,SBPS,438,443
2013,11,SBJU,205,203
2013,11,SBMQ,369,374
2013,11,SBIL,294,295
2013,11,SACO,66,66
2013,11,KLAX,35,35
2013,11,SWRD,80,80
2013,11,MUHA,9,14
2013,11,SMJP,22,22
2013,11,MPTO,579,591
2013,11,MDSD,120,123
2013,11,MROC,18,18
2013,11,OMDB,77,77
2013,11,SBKG,107,107
2013,11,SBDN,161,162
2013,11,SBML,82,83
2013,11,SAAR,19,21
2013,11,LTBA,30,30
2013,11,SBQV,224,230
2013,11,SWGI,3,3
2013,11,SSFB,0,0
2013,11,SDOW,65,66
2013,11,SBCJ,121,122
2013,11,SBVG,39,44
2013,11,SBCB,117,115
2013,11,SUMU,370,370
2013,11,SBTT,62,62
2013,11,MDPC,30,35
2013,11,SNPD,21,22
2013,11,SNJR,5,5
2013,11,SBCN,39,39
2013,11,SBTF,160,160
2013,11,SWGN,116,116
2013,11,SWFX,15,13
2013,11,SELT,20,16
2013,11,WSSS,13,13
2013,11,SWIQ,0,0
2013,11,SBDB,12,12
2013,11,SNBR,112,112
2013,11,ZBAA,8,9
2013,11,SBTU,20,20
2013,11,KMCO,78,78
2013,11,KJFK,246,241
2013,11,SJHG,14,13
2013,11,SWSI,164,165
2013,11,SBCR,26,26
2013,11,SBVH,53,53
2013,11,SWKO,28,28
2013,11,SNDT,0,0
2013,11,SWHT,19,19
2013,11,SBFN,107,110
2013,11,SBLE,12,12
2013,11,SOCA,16,16
2013,11,EDDM,31,30
2013,11,SSJA,0,0
2013,11,SDCG,10,10
2013,11,SSUM,21,21
2013,11,SNDC,43,44
2013,11,SWEI,9,10
2013,11,SSER,21,21
2013,11,SBZM,26,26
2013,11,EGLL,133,134
2013,11,SWLB,9,9
2013,11,SBCZ,30,30
2013,11,SBUG,0,0
2013,11,SWOB,8,8
2013,11,SBCD,0,0
2013,11,MMUN,4,4
2013,11,SBUY,144,143
2013,11,LFBO,1,3
2013,11,SBTC,8,8
2013,11,SULS,13,13
2013,11,KDFW,73,73
2013,11,SWCA,37,37
2013,11,SBPN,0,0
2013,11,PANC,10,10
2013,11,GVAC,12,14
2013,11,EHWO,2,2
2013,11,RKSI,22,23
2013,11,LPFR,4,4
2013,11,KIAH,92,91
2013,11,GVNP,8,8
2013,11,KIAD,30,30
2013,11,KBFI,0,0
2013,11,KEWR,43,42
2013,11,SBTR,1,1
2013,11,TJSJ,6,6
2013,11,SDSC,8,12
2013,11,GCRR,1,1
2013,11,TJBQ,45,44
2013,11,LSZH,30,30
2013,11,SWPI,68,68
2013,11,KATL,120,120
2013,11,KORD,31,31
2013,11,CYYZ,30,30
2013,11,KCLT,60,60
2013,11,OTBD,30,30
2013,11,SARI,18,18
2013,11,SBIH,25,26
2013,11,SWBC,29,29
2013,11,SWTP,9,9
2013,11,SDRS,21,21
2013,11,SBTB,30,30
2013,11,SBUA,12,12
2013,11,SBTD,42,42
2013,11,GCTS,22,22
2013,11,TNCA,9,8
2013,11,SLCB,26,12
2013,11,KDTW,30,30
2013,11,TBPB,5,5
2013,11,KMZJ,0,0
2013,11,KFLL,0,0
2013,11,SKCL,18,18
2013,11,SBRG,0,0
2013,11,FLLS,0,0
2013,11,SEQM,137,129
2013,11,KSEA,0,0
2013,11,LEZG,0,0
2013,11,SNSW,0,0
2013,11,SSIJ,0,0
2013,11,SSZR,25,26
2013,11,SNVB,5,5
2013,11,KIND,0,0
2013,11,SBAN,0,0
2013,11,FAOR,0,0
2013,11,SSCK,0,0
2013,11,SNMH,0,0
2013,11,MGGT,0,0
2013,11,SIXE,0,0
2013,11,TNCC,0,0
2013,11,SBLJ,0,0
2013,11,SAZS,0,0
2013,11,SURV,0,0
2013,11,SJGU,0,0
2013,11,LFBD,0,0
2013,11,EGSS,1,1
2013,11,SSOE,0,0
2013,11,KPAE,0,0
2013,11,SBTV,0,0
2013,11,LHBP,0,0
2013,11,KVCV,0,0
2013,11,EDHI,0,1
2013,11,SAME,0,0
2013,11,SWBR,0,0
2013,11,KAUS,1,7
2013,11,SSTL,70,71
2013,11,KBOS,0,0
2013,11,SBMY,0,0
2013,11,SWVC,13,14
2013,11,SNEB,0,0
2013,11,SWMW,0,0
2013,11,SWNK,0,0
2013,11,GCLP,0,0
2013,11,DNMM,0,0
2013,11,SBBW,0,0
2013,11,EDFH,0,0
2013,11,EBLG,0,0
2013,11,OMAA,30,30
2013,11,EINN,0,3
2013,11,SUSO,8,8
2013,11,SJVO,4,4
2013,11,SWWA,1,1
2013,11,SDOV,1,1
2013,11,MMMY,1,1
2013,11,SNPP,1,1
2013,11,MTPP,4,3
2013,11,EGNX,3,3
2013,11,SBAQ,6,6
2013,11,KGYR,1,0
2013,11,EVRA,1,0
2013,11,SDVG,20,0
2013,11,SBUF,0,0
2013,11,LMML,0,0
2013,11,GMMX,0,0
2013,11,MMAA,0,0
2013,12,SCEL,619,499
2013,12,SBMK,214,217
2013,12,SBAU,170,171
2013,12,SBGR,13116,12974
2013,12,SBKP,6391,6407
2013,12,SBCG,762,821
2013,12,SBSR,376,376
2013,12,SGES,88,92
2013,12,SKRG,166,140
2013,12,SBEG,2100,2139
2013,12,SBCF,5111,5090
2013,12,SBPA,3463,3443
2013,12,SBUL,635,656
2013,12,SBDO,189,189
2013,12,SBBV,153,153
2013,12,SPIM,495,488
2013,12,SBBE,2070,2086
2013,12,SBSL,864,850
2013,12,SBNT,1005,1017
2013,12,SBBR,6816,6861
2013,12,SBRJ,4814,4812
2013,12,KMIA,1045,1115
2013,12,SBMG,570,547
2013,12,SBLO,538,531
2013,12,SCDA,55,55
2013,12,SEQU,117,117
2013,12,SBRB,168,170
2013,12,SBSJ,65,64
2013,12,SBPJ,423,423
2013,12,SBJI,58,57
2013,12,SBCH,345,346
2013,12,SBRF,2847,2900
2013,12,SBAE,143,140
2013,12,SBFI,680,693
2013,12,SBSV,3977,3981
2013,12,MMGL,52,39
2013,12,EDDF,262,264
2013,12,SBGL,6153,6140
2013,12,SBSP,7390,7351
2013,12,SBIP,211,219
2013,12,SBRP,779,788
2013,12,SBFZ,2472,2501
2013,12,SBFL,1636,1627
2013,12,SBVT,1541,1543
2013,12,SBCT,3581,3566
2013,12,SAEZ,1569,1567
2013,12,SBJV,285,286
2013,12,SBCY,1681,1671
2013,12,SBBH,894,862
2013,12,FAJS,49,80
2013,12,ELLX,38,35
2013,12,SBPL,229,229
2013,12,LEBL,43,44
2013,12,LPPR,18,18
2013,12,LIMC,41,41
2013,12,SBHT,273,263
2013,12,SABE,521,521
2013,12,SGAS,301,300
2013,12,SBPV,556,552
2013,12,EHBK,18,18
2013,12,EHAM,110,133
2013,12,SBMO,811,813
2013,12,SBGO,1603,1597
2013,12,SEGU,101,96
2013,12,SBJF,133,132
2013,12,SBCP,63,64
2013,12,SBTE,463,463
2013,12,SBGV,107,106
2013,12,SKBO,366,375
2013,12,KMEM,27,22
2013,12,SBSN,490,502
2013,12,SBUR,225,226
2013,12,SVMI,203,208
2013,12,SBJP,430,438
2013,12,FNLU,36,37
2013,12,SBNM,0,0
2013,12,LIRF,112,112
2013,12,SBPK,74,73
2013,12,SBCA,233,232
2013,12,SBMA,446,439
2013,12,SBAR,623,618
2013,12,SBCM,59,59
2013,12,SBIZ,187,187
2013,12,SVVA,39,37
2013,12,SBAX,53,53
2013,12,LFPG,223,220
2013,12,LPPT,275,285
2013,12,SBCX,149,150
2013,12,SBMD,56,56
2013,12,LEMD,520,523
2013,12,SBNF,631,653
2013,12,SJRG,66,78
2013,12,SBME,105,104
2013,12,SSKW,31,33
2013,12,MMMD,44,35
2013,12,MMMX,123,146
2013,12,GOOY,134,141
2013,12,SANT,25,25
2013,12,SBSM,85,85
2013,12,SBPF,128,126
2013,12,SBAT,31,31
2013,12,SWLC,58,58
2013,12,SLLP,31,31
2013,12,SLVR,184,196
2013,12,SBPS,611,618
2013,12,SBJU,202,204
2013,12,SBMQ,390,396
2013,12,SBIL,342,341
2013,12,SACO,66,67
2013,12,KLAX,48,48
2013,12,SWRD,84,82
2013,12,MUHA,10,13
2013,12,SMJP,21,21
2013,12,MPTO,609,608
2013,12,MDSD,125,125
2013,12,MROC,16,17
2013,12,OMDB,80,80
2013,12,SBKG,111,111
2013,12,SBDN,167,167
2013,12,SBML,85,84
2013,12,SAAR,38,37
2013,12,LTBA,31,32
2013,12,SBQV,234,236
2013,12,SWGI,0,0
2013,12,SSFB,0,0
2013,12,SDOW,68,68
2013,12,SBCJ,134,135
2013,12,SBVG,47,46
2013,12,SBCB,140,136
2013,12,SUMU,352,355
2013,12,SBTT,62,62
2013,12,MDPC,51,61
2013,12,SNPD,23,22
2013,12,SNJR,6,6
2013,12,SBCN,55,55
2013,12,SBTF,114,114
2013,12,SWGN,123,121
2013,12,SWFX,14,14
2013,12,SELT,20,19
2013,12,WSSS,14,13
2013,12,SWIQ,0,0
2013,12,SBDB,14,14
2013,12,SNBR,117,117
2013,12,ZBAA,9,8
2013,12,SBTU,23,23
2013,12,KMCO,87,89
2013,12,KJFK,260,249
2013,12,SJHG,16,15
2013,12,SWSI,162,162
2013,12,SBCR,28,28
2013,12,SBVH,55,55
2013,12,SWKO,26,26
2013,12,SNDT,0,0
2013,12,SWHT,28,29
2013,12,SBFN,121,121
2013,12,SBLE,14,14
2013,12,SOCA,18,18
2013,12,EDDM,31,31
2013,12,SSJA,0,0
2013,12,SDCG,9,9
2013,12,SSUM,22,22
2013,12,SNDC,46,46
2013,12,SWEI,10,10
2013,12,SSER,4,4
2013,12,SBZM,28,28
2013,12,EGLL,137,139
2013,12,SWLB,14,14
2013,12,SBCZ,32,32
2013,12,SBUG,0,0
2013,12,SWOB,9,9
2013,12,SBCD,0,0
2013,12,MMUN,9,9
2013,12,SBUY,140,140
2013,12,LFBO,0,0
2013,12,SBTC,12,12
2013,12,SULS,13,13
2013,12,KDFW,77,75
2013,12,SWCA,34,34
2013,12,SBPN,0,0
2013,12,PANC,6,6
2013,12,GVAC,8,8
2013,12,EHWO,1,2
2013,12,RKSI,20,19
2013,12,LPFR,0,0
2013,12,KIAH,94,95
2013,12,GVNP,8,8
2013,12,KIAD,31,31
2013,12,KBFI,0,1
2013,12,KEWR,32,32
2013,12,SBTR,0,0
2013,12,TJSJ,4,5
2013,12,SDSC,3,6
2013,12,GCRR,0,0
2013,12,TJBQ,45,44
2013,12,LSZH,31,31
2013,12,SWPI,65,64
2013,12,KATL,124,124
2013,12,KORD,33,31
2013,12,CYYZ,31,31
2013,12,KCLT,62,62
2013,12,OTBD,31,31
2013,12,SARI,16,16
2013,12,SBIH,28,28
2013,12,SWBC,14,14
2013,12,SWTP,9,9
2013,12,SDRS,22,22
2013,12,SBTB,31,31
2013,12,SBUA,14,14
2013,12,SBTD,44,44
2013,12,GCTS,22,22
2013,12,TNCA,10,9
2013,12,SLCB,26,14
2013,12,KDTW,31,31
2013,12,TBPB,4,5
2013,12,KMZJ,0,0
2013,12,KFLL,0,0
2013,12,SKCL,18,18
2013,12,SBRG,0,0
2013,12,FLLS,0,0
2013,12,SEQM,131,128
2013,12,KSEA,0,0
2013,12,LEZG,0,0
2013,12,SNSW,0,0
2013,12,SSIJ,0,0
2013,12,SSZR,27,26
2013,12,SNVB,4,4
2013,12,KIND,0,0
2013,12,SBAN,0,0
2013,12,FAOR,0,0
2013,12,SSCK,0,0
2013,12,SNMH,0,0
2013,12,MGGT,0,0
2013,12,SIXE,0,0
2013,12,TNCC,1,1
2013,12,SBLJ,0,0
2013,12,SAZS,0,0
2013,12,SURV,0,0
2013,12,SJGU,0,0
2013,12,LFBD,1,1
2013,12,EGSS,2,2
2013,12,SSOE,0,0
2013,12,KPAE,0,0
2013,12,SBTV,0,0
2013,12,LHBP,0,0
2013,12,KVCV,0,0
2013,12,EDHI,0,1
2013,12,SAME,0,0
2013,12,SWBR,0,0
2013,12,KAUS,0,0
2013,12,SSTL,60,60
2013,12,KBOS,0,0
2013,12,SBMY,0,0
2013,12,SWVC,14,14
2013,12,SNEB,0,0
2013,12,SWMW,0,0
2013,12,SWNK,0,0
2013,12,GCLP,0,0
2013,12,DNMM,0,0
2013,12,SBBW,0,0
2013,12,EDFH,0,0
2013,12,EBLG,0,0
2013,12,OMAA,0,0
2013,12,EINN,0,0
2013,12,SUSO,0,0
2013,12,SJVO,5,5
2013,12,SWWA,0,0
2013,12,SDOV,0,0
2013,12,MMMY,0,0
2013,12,SNPP,0,0
2013,12,MTPP,0,0
2013,12,EGNX,0,0
2013,12,SBAQ,56,54
2013,12,KGYR,0,0
2013,12,EVRA,0,0
2013,12,SDVG,22,16
2013,12,SBUF,13,13
2013,12,LMML,0,1
2013,12,GMMX,4,4
2013,12,MMAA,1,1
